jobID,  modelID,  status,  completionReason,  startTime,  endTime,  runtime(s),  expDesc,  numRecords,  modelParams|sensorParams|encoders|rwidth:n,  modelParams|sensorParams|encoders|rpos:n,  modelParams|clParams|alpha,  modelParams|tpParams|minThreshold,  modelParams|tpParams|activationThreshold,  modelParams|sensorParams|encoders|lwidth:n,  modelParams|tpParams|pamLength,  modelParams|sensorParams|encoders|lpos:n,  modelParams|sensorParams|encoders|_classifierInput|n,  modelParams|inferenceType,  modelParams|spParams|synPermInactiveDec,  multiStepBestPredictions:multiStep:errorMetric='aae':steps=[20]:window=1000:field=rpos,  multiStepBestPredictions:multiStep:errorMetric='altMAPE':steps=[20]:window=1000:field=rpos, 
1008,  1698,  completed,  eof,  2014-05-04 17:24:51,  2014-05-04 17:26:45,  114,  modelParams|clParams|alpha_0.05005.modelParams|tpParams|minThreshold_11.modelParams|tpParams|activationThreshold_14.modelParams|tpParams|pamLength_3.modelParams|sensorParams|encoders|lpos:n_272.modelParams|sensorParams|encoders|_classifierInput|n_275.modelParams|inferenceType_NontemporalMultiStep.modelParams|spParams|synPermInactiveDec_0.05015,  28629,  None,  None,  0.05005,  11,  14,  None,  3,  272,  275,  NontemporalMultiStep,  0.05015,  0.219057543443,  5.2121639827, 
1008,  1699,  completed,  eof,  2014-05-04 17:24:51,  2014-05-04 17:26:36,  105,  modelParams|clParams|alpha_0.05005.modelParams|tpParams|minThreshold_11.modelParams|tpParams|activationThreshold_14.modelParams|sensorParams|encoders|lwidth:n_272.modelParams|tpParams|pamLength_3.modelParams|sensorParams|encoders|_classifierInput|n_275.modelParams|inferenceType_NontemporalMultiStep.modelParams|spParams|synPermInactiveDec_0.05015,  28629,  None,  None,  0.05005,  11,  14,  272,  3,  None,  275,  NontemporalMultiStep,  0.05015,  0.332658068447,  7.91512757635, 
1008,  1720,  completed,  eof,  2014-05-04 17:24:51,  2014-05-04 17:26:36,  105,  modelParams|sensorParams|encoders|rpos:n_272.modelParams|clParams|alpha_0.05005.modelParams|tpParams|minThreshold_11.modelParams|tpParams|activationThreshold_14.modelParams|tpParams|pamLength_3.modelParams|sensorParams|encoders|_classifierInput|n_275.modelParams|inferenceType_NontemporalMultiStep.modelParams|spParams|synPermInactiveDec_0.05015,  28629,  None,  272,  0.05005,  11,  14,  None,  3,  None,  275,  NontemporalMultiStep,  0.05015,  0.325336705205,  7.74092610768, 
1008,  1731,  completed,  eof,  2014-05-04 17:24:51,  2014-05-04 17:26:36,  105,  modelParams|sensorParams|encoders|rwidth:n_272.modelParams|clParams|alpha_0.05005.modelParams|tpParams|minThreshold_11.modelParams|tpParams|activationThreshold_14.modelParams|tpParams|pamLength_3.modelParams|sensorParams|encoders|_classifierInput|n_275.modelParams|inferenceType_NontemporalMultiStep.modelParams|spParams|synPermInactiveDec_0.05015,  28629,  272,  None,  0.05005,  11,  14,  None,  3,  None,  275,  NontemporalMultiStep,  0.05015,  0.302617927277,  7.20036496475, 
1008,  1732,  completed,  eof,  2014-05-04 17:26:36,  2014-05-04 17:32:54,  378,  modelParams|clParams|alpha_0.0001.modelParams|tpParams|minThreshold_9.modelParams|tpParams|activationThreshold_12.modelParams|tpParams|pamLength_1.modelParams|sensorParams|encoders|lpos:n_22.modelParams|sensorParams|encoders|_classifierInput|n_28.modelParams|inferenceType_TemporalMultiStep.modelParams|spParams|synPermInactiveDec_0.1,  28629,  None,  None,  0.0001,  9,  12,  None,  1,  22,  28,  TemporalMultiStep,  0.1,  0.192409716884,  4.57811669254, 
1008,  1733,  completed,  eof,  2014-05-04 17:26:36,  2014-05-04 17:32:30,  354,  modelParams|clParams|alpha_0.0001.modelParams|tpParams|minThreshold_9.modelParams|tpParams|activationThreshold_12.modelParams|sensorParams|encoders|lwidth:n_22.modelParams|tpParams|pamLength_1.modelParams|sensorParams|encoders|_classifierInput|n_28.modelParams|inferenceType_TemporalMultiStep.modelParams|spParams|synPermInactiveDec_0.1,  28629,  None,  None,  0.0001,  9,  12,  22,  1,  None,  28,  TemporalMultiStep,  0.1,  0.192409716884,  4.57811669254, 
1008,  1734,  completed,  eof,  2014-05-04 17:26:36,  2014-05-04 17:34:47,  491,  modelParams|sensorParams|encoders|rpos:n_22.modelParams|clParams|alpha_0.0001.modelParams|tpParams|minThreshold_9.modelParams|tpParams|activationThreshold_12.modelParams|tpParams|pamLength_1.modelParams|sensorParams|encoders|_classifierInput|n_28.modelParams|inferenceType_TemporalMultiStep.modelParams|spParams|synPermInactiveDec_0.1,  28629,  None,  22,  0.0001,  9,  12,  None,  1,  None,  28,  TemporalMultiStep,  0.1,  0.192409716884,  4.57811669254, 
1008,  1735,  completed,  eof,  2014-05-04 17:26:46,  2014-05-04 17:33:17,  391,  modelParams|sensorParams|encoders|rwidth:n_22.modelParams|clParams|alpha_0.0001.modelParams|tpParams|minThreshold_9.modelParams|tpParams|activationThreshold_12.modelParams|tpParams|pamLength_1.modelParams|sensorParams|encoders|_classifierInput|n_28.modelParams|inferenceType_TemporalMultiStep.modelParams|spParams|synPermInactiveDec_0.1,  28629,  22,  None,  0.0001,  9,  12,  None,  1,  None,  28,  TemporalMultiStep,  0.1,  0.192409716884,  4.57811669254, 
1008,  1736,  completed,  eof,  2014-05-04 17:32:30,  2014-05-04 17:35:16,  166,  modelParams|clParams|alpha_0.1.modelParams|tpParams|minThreshold_12.modelParams|tpParams|activationThreshold_16.modelParams|tpParams|pamLength_5.modelParams|sensorParams|encoders|lpos:n_521.modelParams|sensorParams|encoders|_classifierInput|n_521.modelParams|inferenceType_NontemporalMultiStep.modelParams|spParams|synPermInactiveDec_0.0003,  28629,  None,  None,  0.1,  12,  16,  None,  5,  521,  521,  NontemporalMultiStep,  0.0003,  0.129352176062,  3.07775182063, 
1008,  1737,  completed,  eof,  2014-05-04 17:32:54,  2014-05-04 17:35:23,  149,  modelParams|clParams|alpha_0.1.modelParams|tpParams|minThreshold_12.modelParams|tpParams|activationThreshold_16.modelParams|sensorParams|encoders|lwidth:n_521.modelParams|tpParams|pamLength_5.modelParams|sensorParams|encoders|_classifierInput|n_521.modelParams|inferenceType_NontemporalMultiStep.modelParams|spParams|synPermInactiveDec_0.0003,  28629,  None,  None,  0.1,  12,  16,  521,  5,  None,  521,  NontemporalMultiStep,  0.0003,  0.346262465504,  8.23882493567, 
1008,  1738,  completed,  eof,  2014-05-04 17:33:17,  2014-05-04 17:35:49,  152,  modelParams|sensorParams|encoders|rpos:n_521.modelParams|clParams|alpha_0.1.modelParams|tpParams|minThreshold_12.modelParams|tpParams|activationThreshold_16.modelParams|tpParams|pamLength_5.modelParams|sensorParams|encoders|_classifierInput|n_521.modelParams|inferenceType_NontemporalMultiStep.modelParams|spParams|synPermInactiveDec_0.0003,  28629,  None,  521,  0.1,  12,  16,  None,  5,  None,  521,  NontemporalMultiStep,  0.0003,  0.195578317452,  4.65350905519, 
1008,  1739,  completed,  eof,  2014-05-04 17:34:47,  2014-05-04 17:37:19,  152,  modelParams|sensorParams|encoders|rwidth:n_521.modelParams|clParams|alpha_0.1.modelParams|tpParams|minThreshold_12.modelParams|tpParams|activationThreshold_16.modelParams|tpParams|pamLength_5.modelParams|sensorParams|encoders|_classifierInput|n_521.modelParams|inferenceType_NontemporalMultiStep.modelParams|spParams|synPermInactiveDec_0.0003,  28629,  521,  None,  0.1,  12,  16,  None,  5,  None,  521,  NontemporalMultiStep,  0.0003,  0.329020051179,  7.82856610818, 
1008,  1740,  completed,  eof,  2014-05-04 17:35:16,  2014-05-04 17:45:06,  590,  modelParams|clParams|alpha_0.025075.modelParams|tpParams|minThreshold_10.modelParams|tpParams|activationThreshold_13.modelParams|tpParams|pamLength_2.modelParams|sensorParams|encoders|lpos:n_147.modelParams|sensorParams|encoders|_classifierInput|n_151.modelParams|inferenceType_TemporalMultiStep.modelParams|spParams|synPermInactiveDec_0.075075,  28629,  None,  None,  0.025075,  10,  13,  None,  2,  147,  151,  TemporalMultiStep,  0.075075,  0.142679592955,  3.39485882922, 
1008,  1741,  completed,  eof,  2014-05-04 17:35:23,  2014-05-04 17:43:35,  492,  modelParams|clParams|alpha_0.025075.modelParams|tpParams|minThreshold_10.modelParams|tpParams|activationThreshold_13.modelParams|sensorParams|encoders|lwidth:n_147.modelParams|tpParams|pamLength_2.modelParams|sensorParams|encoders|_classifierInput|n_151.modelParams|inferenceType_TemporalMultiStep.modelParams|spParams|synPermInactiveDec_0.075075,  28629,  None,  None,  0.025075,  10,  13,  147,  2,  None,  151,  TemporalMultiStep,  0.075075,  0.140727859263,  3.34842009038, 
1008,  1742,  completed,  eof,  2014-05-04 17:35:49,  2014-05-04 17:43:57,  488,  modelParams|sensorParams|encoders|rpos:n_147.modelParams|clParams|alpha_0.025075.modelParams|tpParams|minThreshold_10.modelParams|tpParams|activationThreshold_13.modelParams|tpParams|pamLength_2.modelParams|sensorParams|encoders|_classifierInput|n_151.modelParams|inferenceType_TemporalMultiStep.modelParams|spParams|synPermInactiveDec_0.075075,  28629,  None,  147,  0.025075,  10,  13,  None,  2,  None,  151,  TemporalMultiStep,  0.075075,  0.173214345795,  4.12139002496, 
1008,  1743,  completed,  eof,  2014-05-04 17:37:19,  2014-05-04 17:45:18,  479,  modelParams|sensorParams|encoders|rwidth:n_147.modelParams|clParams|alpha_0.025075.modelParams|tpParams|minThreshold_10.modelParams|tpParams|activationThreshold_13.modelParams|tpParams|pamLength_2.modelParams|sensorParams|encoders|_classifierInput|n_151.modelParams|inferenceType_TemporalMultiStep.modelParams|spParams|synPermInactiveDec_0.075075,  28629,  147,  None,  0.025075,  10,  13,  None,  2,  None,  151,  TemporalMultiStep,  0.075075,  0.133206839525,  3.16946807816, 
1008,  1744,  completed,  eof,  2014-05-04 17:43:35,  2014-05-04 17:45:50,  135,  modelParams|clParams|alpha_0.075025.modelParams|tpParams|minThreshold_11.modelParams|tpParams|activationThreshold_15.modelParams|tpParams|pamLength_4.modelParams|sensorParams|encoders|lpos:n_396.modelParams|sensorParams|encoders|_classifierInput|n_398.modelParams|inferenceType_NontemporalMultiStep.modelParams|spParams|synPermInactiveDec_0.025225,  28629,  None,  None,  0.075025,  11,  15,  None,  4,  396,  398,  NontemporalMultiStep,  0.025225,  0.17096208744,  4.06780072741, 
1008,  1745,  completed,  eof,  2014-05-04 17:43:57,  2014-05-04 17:46:04,  127,  modelParams|clParams|alpha_0.075025.modelParams|tpParams|minThreshold_11.modelParams|tpParams|activationThreshold_15.modelParams|sensorParams|encoders|lwidth:n_396.modelParams|tpParams|pamLength_4.modelParams|sensorParams|encoders|_classifierInput|n_398.modelParams|inferenceType_NontemporalMultiStep.modelParams|spParams|synPermInactiveDec_0.025225,  28629,  None,  None,  0.075025,  11,  15,  396,  4,  None,  398,  NontemporalMultiStep,  0.025225,  0.328706523143,  7.82110615265, 
1008,  1746,  completed,  eof,  2014-05-04 17:45:06,  2014-05-04 17:47:09,  123,  modelParams|sensorParams|encoders|rpos:n_396.modelParams|clParams|alpha_0.075025.modelParams|tpParams|minThreshold_11.modelParams|tpParams|activationThreshold_15.modelParams|tpParams|pamLength_4.modelParams|sensorParams|encoders|_classifierInput|n_398.modelParams|inferenceType_NontemporalMultiStep.modelParams|spParams|synPermInactiveDec_0.025225,  28629,  None,  396,  0.075025,  11,  15,  None,  4,  None,  398,  NontemporalMultiStep,  0.025225,  0.276413860808,  6.57687631742, 
1008,  1747,  completed,  eof,  2014-05-04 17:45:18,  2014-05-04 17:47:19,  121,  modelParams|sensorParams|encoders|rwidth:n_396.modelParams|clParams|alpha_0.075025.modelParams|tpParams|minThreshold_11.modelParams|tpParams|activationThreshold_15.modelParams|tpParams|pamLength_4.modelParams|sensorParams|encoders|_classifierInput|n_398.modelParams|inferenceType_NontemporalMultiStep.modelParams|spParams|synPermInactiveDec_0.025225,  28629,  396,  None,  0.075025,  11,  15,  None,  4,  None,  398,  NontemporalMultiStep,  0.025225,  0.317933657917,  7.56478108281, 
1008,  1748,  completed,  eof,  2014-05-04 17:45:50,  2014-05-04 17:48:12,  142,  modelParams|clParams|alpha_0.0955047148893.modelParams|tpParams|minThreshold_12.modelParams|tpParams|activationThreshold_16.modelParams|tpParams|pamLength_5.modelParams|sensorParams|encoders|lpos:n_499.modelParams|sensorParams|encoders|_classifierInput|n_521.modelParams|inferenceType_NontemporalMultiStep.modelParams|spParams|synPermInactiveDec_0.00229630431068,  28629,  None,  None,  0.0955047148893,  12,  16,  None,  5,  499,  521,  NontemporalMultiStep,  0.00229630431068,  0.144184747934,  3.43067186012, 
1008,  1749,  completed,  eof,  2014-05-04 17:46:04,  2014-05-04 17:47:38,  94,  modelParams|clParams|alpha_0.0348151425553.modelParams|tpParams|minThreshold_10.modelParams|tpParams|activationThreshold_13.modelParams|sensorParams|encoders|lwidth:n_192.modelParams|tpParams|pamLength_2.modelParams|sensorParams|encoders|_classifierInput|n_175.modelParams|inferenceType_NontemporalMultiStep.modelParams|spParams|synPermInactiveDec_0.0815543478447,  28629,  None,  None,  0.0348151425553,  10,  13,  192,  2,  None,  175,  NontemporalMultiStep,  0.0815543478447,  0.267874298207,  6.3736895204, 
1008,  1750,  completed,  eof,  2014-05-04 17:47:09,  2014-05-04 17:48:46,  97,  modelParams|sensorParams|encoders|rpos:n_195.modelParams|clParams|alpha_0.0328351247259.modelParams|tpParams|minThreshold_10.modelParams|tpParams|activationThreshold_13.modelParams|tpParams|pamLength_2.modelParams|sensorParams|encoders|_classifierInput|n_175.modelParams|inferenceType_NontemporalMultiStep.modelParams|spParams|synPermInactiveDec_0.0815543478447,  28629,  None,  195,  0.0328351247259,  10,  13,  None,  2,  None,  175,  NontemporalMultiStep,  0.0815543478447,  0.293133954522,  6.97470726573, 
1008,  1751,  completed,  eof,  2014-05-04 17:47:19,  2014-05-04 17:48:54,  95,  modelParams|sensorParams|encoders|rwidth:n_195.modelParams|clParams|alpha_0.0328351247259.modelParams|tpParams|minThreshold_10.modelParams|tpParams|activationThreshold_13.modelParams|tpParams|pamLength_2.modelParams|sensorParams|encoders|_classifierInput|n_175.modelParams|inferenceType_NontemporalMultiStep.modelParams|spParams|synPermInactiveDec_0.0815543478447,  28629,  195,  None,  0.0328351247259,  10,  13,  None,  2,  None,  175,  NontemporalMultiStep,  0.0815543478447,  0.27686867657,  6.58769801429, 
1008,  1752,  completed,  eof,  2014-05-04 17:47:38,  2014-05-04 17:50:04,  146,  modelParams|clParams|alpha_0.0760244297787.modelParams|tpParams|minThreshold_12.modelParams|tpParams|activationThreshold_16.modelParams|tpParams|pamLength_4.modelParams|sensorParams|encoders|lpos:n_402.modelParams|sensorParams|encoders|_classifierInput|n_521.modelParams|inferenceType_NontemporalMultiStep.modelParams|spParams|synPermInactiveDec_0.0003,  28629,  None,  None,  0.0760244297787,  12,  16,  None,  4,  402,  521,  NontemporalMultiStep,  0.0003,  0.142613866963,  3.39329497234, 
1008,  1753,  completed,  eof,  2014-05-04 17:48:12,  2014-05-04 17:49:41,  89,  modelParams|clParams|alpha_0.0153348574447.modelParams|tpParams|minThreshold_10.modelParams|tpParams|activationThreshold_13.modelParams|sensorParams|encoders|lwidth:n_101.modelParams|tpParams|pamLength_2.modelParams|sensorParams|encoders|_classifierInput|n_127.modelParams|inferenceType_NontemporalMultiStep.modelParams|spParams|synPermInactiveDec_0.0785656521553,  28629,  None,  None,  0.0153348574447,  10,  13,  101,  2,  None,  127,  NontemporalMultiStep,  0.0785656521553,  0.185511608854,  4.41398598216, 
1008,  1754,  completed,  eof,  2014-05-04 17:48:46,  2014-05-04 17:50:15,  89,  modelParams|sensorParams|encoders|rpos:n_98.modelParams|clParams|alpha_0.0273048752741.modelParams|tpParams|minThreshold_10.modelParams|tpParams|activationThreshold_13.modelParams|tpParams|pamLength_2.modelParams|sensorParams|encoders|_classifierInput|n_127.modelParams|inferenceType_NontemporalMultiStep.modelParams|spParams|synPermInactiveDec_0.0785656521553,  28629,  None,  98,  0.0273048752741,  10,  13,  None,  2,  None,  127,  NontemporalMultiStep,  0.0785656521553,  0.22540931588,  5.36329541146, 
1008,  1755,  completed,  eof,  2014-05-04 17:48:54,  2014-05-04 17:50:25,  91,  modelParams|sensorParams|encoders|rwidth:n_98.modelParams|clParams|alpha_0.0273048752741.modelParams|tpParams|minThreshold_10.modelParams|tpParams|activationThreshold_13.modelParams|tpParams|pamLength_2.modelParams|sensorParams|encoders|_classifierInput|n_127.modelParams|inferenceType_NontemporalMultiStep.modelParams|spParams|synPermInactiveDec_0.0685956521553,  28629,  98,  None,  0.0273048752741,  10,  13,  None,  2,  None,  127,  NontemporalMultiStep,  0.0685956521553,  0.258589365004,  6.15276768561, 
1008,  1756,  completed,  eof,  2014-05-04 17:49:41,  2014-05-04 17:52:09,  148,  modelParams|clParams|alpha_0.095005.modelParams|tpParams|minThreshold_12.modelParams|tpParams|activationThreshold_16.modelParams|tpParams|pamLength_5.modelParams|sensorParams|encoders|lpos:n_521.modelParams|sensorParams|encoders|_classifierInput|n_521.modelParams|inferenceType_NontemporalMultiStep.modelParams|spParams|synPermInactiveDec_0.0003,  28629,  None,  None,  0.095005,  12,  16,  None,  5,  521,  521,  NontemporalMultiStep,  0.0003,  0.132382782382,  3.14986080559, 
1008,  1757,  completed,  eof,  2014-05-04 17:50:04,  2014-05-04 17:51:38,  94,  modelParams|clParams|alpha_0.034315427666.modelParams|tpParams|minThreshold_10.modelParams|tpParams|activationThreshold_13.modelParams|sensorParams|encoders|lwidth:n_184.modelParams|tpParams|pamLength_3.modelParams|sensorParams|encoders|_classifierInput|n_175.modelParams|inferenceType_NontemporalMultiStep.modelParams|spParams|synPermInactiveDec_0.074573043534,  28629,  None,  None,  0.034315427666,  10,  13,  184,  3,  None,  175,  NontemporalMultiStep,  0.074573043534,  0.280832068991,  6.68200132338, 
1008,  1758,  completed,  eof,  2014-05-04 17:50:15,  2014-05-04 17:51:51,  96,  modelParams|sensorParams|encoders|rpos:n_193.modelParams|clParams|alpha_0.0383653741777.modelParams|tpParams|minThreshold_10.modelParams|tpParams|activationThreshold_13.modelParams|tpParams|pamLength_2.modelParams|sensorParams|encoders|_classifierInput|n_175.modelParams|inferenceType_NontemporalMultiStep.modelParams|spParams|synPermInactiveDec_0.074573043534,  28629,  None,  193,  0.0383653741777,  10,  13,  None,  2,  None,  175,  NontemporalMultiStep,  0.074573043534,  0.2518156543,  5.9915968334, 
1008,  1759,  completed,  eof,  2014-05-04 17:50:25,  2014-05-04 17:52:02,  97,  modelParams|sensorParams|encoders|rwidth:n_193.modelParams|clParams|alpha_0.0383653741777.modelParams|tpParams|minThreshold_10.modelParams|tpParams|activationThreshold_13.modelParams|tpParams|pamLength_2.modelParams|sensorParams|encoders|_classifierInput|n_175.modelParams|inferenceType_NontemporalMultiStep.modelParams|spParams|synPermInactiveDec_0.074573043534,  28629,  193,  None,  0.0383653741777,  10,  13,  None,  2,  None,  175,  NontemporalMultiStep,  0.074573043534,  0.279430631151,  6.6486560949, 
1008,  1760,  completed,  eof,  2014-05-04 17:51:38,  2014-05-04 17:54:06,  148,  modelParams|clParams|alpha_0.080769572334.modelParams|tpParams|minThreshold_12.modelParams|tpParams|activationThreshold_16.modelParams|tpParams|pamLength_5.modelParams|sensorParams|encoders|lpos:n_425.modelParams|sensorParams|encoders|_classifierInput|n_497.modelParams|inferenceType_NontemporalMultiStep.modelParams|spParams|synPermInactiveDec_0.0003,  28629,  None,  None,  0.080769572334,  12,  16,  None,  5,  425,  497,  NontemporalMultiStep,  0.0003,  0.139510269629,  3.31944926958, 
1008,  1761,  completed,  eof,  2014-05-04 17:51:51,  2014-05-04 17:53:22,  91,  modelParams|clParams|alpha_0.02008.modelParams|tpParams|minThreshold_10.modelParams|tpParams|activationThreshold_13.modelParams|sensorParams|encoders|lwidth:n_172.modelParams|tpParams|pamLength_2.modelParams|sensorParams|encoders|_classifierInput|n_127.modelParams|inferenceType_NontemporalMultiStep.modelParams|spParams|synPermInactiveDec_0.07009,  28629,  None,  None,  0.02008,  10,  13,  172,  2,  None,  127,  NontemporalMultiStep,  0.07009,  0.21955086951,  5.22390197775, 
1008,  1762,  completed,  eof,  2014-05-04 17:52:02,  2014-05-04 17:53:32,  90,  modelParams|sensorParams|encoders|rpos:n_122.modelParams|clParams|alpha_0.02008.modelParams|tpParams|minThreshold_10.modelParams|tpParams|activationThreshold_13.modelParams|tpParams|pamLength_2.modelParams|sensorParams|encoders|_classifierInput|n_127.modelParams|inferenceType_NontemporalMultiStep.modelParams|spParams|synPermInactiveDec_0.07009,  28629,  None,  122,  0.02008,  10,  13,  None,  2,  None,  127,  NontemporalMultiStep,  0.07009,  0.196343550553,  4.67171669299, 
1008,  1763,  completed,  eof,  2014-05-04 17:52:09,  2014-05-04 17:53:40,  91,  modelParams|sensorParams|encoders|rwidth:n_122.modelParams|clParams|alpha_0.02008.modelParams|tpParams|minThreshold_10.modelParams|tpParams|activationThreshold_13.modelParams|tpParams|pamLength_2.modelParams|sensorParams|encoders|_classifierInput|n_127.modelParams|inferenceType_NontemporalMultiStep.modelParams|spParams|synPermInactiveDec_0.07009,  28629,  122,  None,  0.02008,  10,  13,  None,  2,  None,  127,  NontemporalMultiStep,  0.07009,  0.237496538718,  5.6508937591, 
1008,  1764,  completed,  eof,  2014-05-04 17:53:22,  2014-05-04 17:55:59,  157,  modelParams|clParams|alpha_0.0902598574447.modelParams|tpParams|minThreshold_11.modelParams|tpParams|activationThreshold_16.modelParams|tpParams|pamLength_5.modelParams|sensorParams|encoders|lpos:n_521.modelParams|sensorParams|encoders|_classifierInput|n_521.modelParams|inferenceType_NontemporalMultiStep.modelParams|spParams|synPermInactiveDec_0.00379065215534,  28629,  None,  None,  0.0902598574447,  11,  16,  None,  5,  521,  521,  NontemporalMultiStep,  0.00379065215534,  0.141193308649,  3.35949479928, 
1008,  1765,  completed,  eof,  2014-05-04 17:53:32,  2014-05-04 17:55:18,  106,  modelParams|clParams|alpha_0.0295702851107.modelParams|tpParams|minThreshold_9.modelParams|tpParams|activationThreshold_13.modelParams|sensorParams|encoders|lwidth:n_163.modelParams|tpParams|pamLength_3.modelParams|sensorParams|encoders|_classifierInput|n_175.modelParams|inferenceType_NontemporalMultiStep.modelParams|spParams|synPermInactiveDec_0.0830486956893,  28629,  None,  None,  0.0295702851107,  9,  13,  163,  3,  None,  175,  NontemporalMultiStep,  0.0830486956893,  0.270591848206,  6.43834977359, 
1008,  1766,  completed,  eof,  2014-05-04 17:53:41,  2014-05-04 17:55:25,  104,  modelParams|sensorParams|encoders|rpos:n_170.modelParams|clParams|alpha_0.0356002494518.modelParams|tpParams|minThreshold_9.modelParams|tpParams|activationThreshold_13.modelParams|tpParams|pamLength_2.modelParams|sensorParams|encoders|_classifierInput|n_175.modelParams|inferenceType_NontemporalMultiStep.modelParams|spParams|synPermInactiveDec_0.0830486956893,  28629,  None,  170,  0.0356002494518,  9,  13,  None,  2,  None,  175,  NontemporalMultiStep,  0.0830486956893,  0.242372027259,  5.76689910348, 
1008,  1767,  completed,  eof,  2014-05-04 17:54:06,  2014-05-04 17:55:50,  104,  modelParams|sensorParams|encoders|rwidth:n_170.modelParams|clParams|alpha_0.0356002494518.modelParams|tpParams|minThreshold_9.modelParams|tpParams|activationThreshold_13.modelParams|tpParams|pamLength_2.modelParams|sensorParams|encoders|_classifierInput|n_175.modelParams|inferenceType_NontemporalMultiStep.modelParams|spParams|synPermInactiveDec_0.0730786956893,  28629,  170,  None,  0.0356002494518,  9,  13,  None,  2,  None,  175,  NontemporalMultiStep,  0.0730786956893,  0.291438342244,  6.93436257318, 
1008,  1768,  completed,  killed,  2014-05-04 17:55:18,  2014-05-04 17:56:00,  42,  modelParams|clParams|alpha_0.1.modelParams|tpParams|minThreshold_12.modelParams|tpParams|activationThreshold_16.modelParams|tpParams|pamLength_5.modelParams|sensorParams|encoders|lpos:n_521.modelParams|sensorParams|encoders|_classifierInput|n_521.modelParams|inferenceType_NontemporalMultiStep.modelParams|spParams|synPermInactiveDec_0.0003,  7750,  None,  None,  0.1,  12,  16,  None,  5,  521,  521,  NontemporalMultiStep,  0.0003,  0.214662594944,  29.790368759, 
1008,  1769,  completed,  killed,  2014-05-04 17:55:25,  2014-05-04 17:55:50,  25,  modelParams|sensorParams|encoders|rwidth:n_137.modelParams|clParams|alpha_0.0216304488594.modelParams|tpParams|minThreshold_9.modelParams|tpParams|activationThreshold_13.modelParams|tpParams|pamLength_2.modelParams|sensorParams|encoders|_classifierInput|n_126.modelParams|inferenceType_NontemporalMultiStep.modelParams|spParams|synPermInactiveDec_0.0825376255976,  7250,  137,  None,  0.0216304488594,  9,  13,  None,  2,  None,  126,  NontemporalMultiStep,  0.0825376255976,  0.450338213153,  73.3709236721, 
1008,  1770,  completed,  killed,  2014-05-04 17:55:50,  2014-05-04 17:56:00,  10,  modelParams|clParams|alpha_0.0814108576823.modelParams|tpParams|minThreshold_12.modelParams|tpParams|activationThreshold_16.modelParams|tpParams|pamLength_4.modelParams|sensorParams|encoders|lpos:n_433.modelParams|sensorParams|encoders|_classifierInput|n_460.modelParams|inferenceType_NontemporalMultiStep.modelParams|spParams|synPermInactiveDec_0.0127625,  2100,  None,  None,  0.0814108576823,  12,  16,  None,  4,  433,  460,  NontemporalMultiStep,  0.0127625,  0.267282643858,  106.412746523, 
1008,  1771,  completed,  killed,  2014-05-04 17:55:50,  2014-05-04 17:56:00,  10,  modelParams|clParams|alpha_0.0991206151748.modelParams|tpParams|minThreshold_12.modelParams|tpParams|activationThreshold_16.modelParams|tpParams|pamLength_5.modelParams|sensorParams|encoders|lpos:n_521.modelParams|sensorParams|encoders|_classifierInput|n_521.modelParams|inferenceType_NontemporalMultiStep.modelParams|spParams|synPermInactiveDec_0.0003,  1800,  None,  None,  0.0991206151748,  12,  16,  None,  5,  521,  521,  NontemporalMultiStep,  0.0003,  0.269142648459,  89.8068794899, 
1008,  1772,  completed,  eof,  2014-05-04 17:56:00,  2014-05-04 17:58:16,  136,  modelParams|clParams|alpha_0.05005.modelParams|tpParams|minThreshold_11.modelParams|tpParams|activationThreshold_14.modelParams|sensorParams|encoders|lwidth:n_272.modelParams|tpParams|pamLength_3.modelParams|sensorParams|encoders|lpos:n_521.modelParams|sensorParams|encoders|_classifierInput|n_275.modelParams|inferenceType_NontemporalMultiStep.modelParams|spParams|synPermInactiveDec_0.05015,  28629,  None,  None,  0.05005,  11,  14,  272,  3,  521,  275,  NontemporalMultiStep,  0.05015,  0.28924500723,  6.88217527305, 
1008,  1803,  completed,  eof,  2014-05-04 17:56:00,  2014-05-04 17:58:15,  135,  modelParams|sensorParams|encoders|rwidth:n_272.modelParams|clParams|alpha_0.05005.modelParams|tpParams|minThreshold_11.modelParams|tpParams|activationThreshold_14.modelParams|tpParams|pamLength_3.modelParams|sensorParams|encoders|lpos:n_521.modelParams|sensorParams|encoders|_classifierInput|n_275.modelParams|inferenceType_NontemporalMultiStep.modelParams|spParams|synPermInactiveDec_0.05015,  28629,  272,  None,  0.05005,  11,  14,  None,  3,  521,  275,  NontemporalMultiStep,  0.05015,  0.249754866771,  5.94256331293, 
1008,  1824,  completed,  eof,  2014-05-04 17:56:00,  2014-05-04 17:57:35,  95,  modelParams|clParams|alpha_0.0001.modelParams|tpParams|minThreshold_9.modelParams|tpParams|activationThreshold_12.modelParams|sensorParams|encoders|lwidth:n_22.modelParams|tpParams|pamLength_1.modelParams|sensorParams|encoders|lpos:n_521.modelParams|sensorParams|encoders|_classifierInput|n_28.modelParams|inferenceType_NontemporalMultiStep.modelParams|spParams|synPermInactiveDec_0.1,  28629,  None,  None,  0.0001,  9,  12,  22,  1,  521,  28,  NontemporalMultiStep,  0.1,  0.193389460846,  4.60142831245, 
1008,  1835,  completed,  eof,  2014-05-04 17:56:00,  2014-05-04 17:57:36,  96,  modelParams|sensorParams|encoders|rwidth:n_22.modelParams|clParams|alpha_0.0001.modelParams|tpParams|minThreshold_9.modelParams|tpParams|activationThreshold_12.modelParams|tpParams|pamLength_1.modelParams|sensorParams|encoders|lpos:n_521.modelParams|sensorParams|encoders|_classifierInput|n_28.modelParams|inferenceType_NontemporalMultiStep.modelParams|spParams|synPermInactiveDec_0.1,  28629,  22,  None,  0.0001,  9,  12,  None,  1,  521,  28,  NontemporalMultiStep,  0.1,  0.193389460846,  4.60142831245, 
1008,  1836,  completed,  eof,  2014-05-04 17:57:35,  2014-05-04 18:01:19,  224,  modelParams|clParams|alpha_0.1.modelParams|tpParams|minThreshold_12.modelParams|tpParams|activationThreshold_16.modelParams|sensorParams|encoders|lwidth:n_521.modelParams|tpParams|pamLength_5.modelParams|sensorParams|encoders|lpos:n_496.modelParams|sensorParams|encoders|_classifierInput|n_521.modelParams|inferenceType_NontemporalMultiStep.modelParams|spParams|synPermInactiveDec_0.0003,  28629,  None,  None,  0.1,  12,  16,  521,  5,  496,  521,  NontemporalMultiStep,  0.0003,  0.263696027751,  6.27427349282, 
1008,  1837,  completed,  eof,  2014-05-04 17:57:36,  2014-05-04 18:01:18,  222,  modelParams|sensorParams|encoders|rwidth:n_521.modelParams|clParams|alpha_0.1.modelParams|tpParams|minThreshold_12.modelParams|tpParams|activationThreshold_16.modelParams|tpParams|pamLength_5.modelParams|sensorParams|encoders|lpos:n_496.modelParams|sensorParams|encoders|_classifierInput|n_521.modelParams|inferenceType_NontemporalMultiStep.modelParams|spParams|synPermInactiveDec_0.0003,  28629,  521,  None,  0.1,  12,  16,  None,  5,  496,  521,  NontemporalMultiStep,  0.0003,  0.250304091592,  5.95563133967, 
1008,  1838,  completed,  eof,  2014-05-04 17:58:16,  2014-05-04 18:00:38,  142,  modelParams|clParams|alpha_0.025075.modelParams|tpParams|minThreshold_10.modelParams|tpParams|activationThreshold_13.modelParams|sensorParams|encoders|lwidth:n_147.modelParams|tpParams|pamLength_2.modelParams|sensorParams|encoders|lpos:n_496.modelParams|sensorParams|encoders|_classifierInput|n_151.modelParams|inferenceType_NontemporalMultiStep.modelParams|spParams|synPermInactiveDec_0.075075,  28629,  None,  None,  0.025075,  10,  13,  147,  2,  496,  151,  NontemporalMultiStep,  0.075075,  0.207238529974,  4.93094729714, 
1008,  1839,  completed,  eof,  2014-05-04 17:58:16,  2014-05-04 18:00:39,  143,  modelParams|sensorParams|encoders|rwidth:n_147.modelParams|clParams|alpha_0.025075.modelParams|tpParams|minThreshold_10.modelParams|tpParams|activationThreshold_13.modelParams|tpParams|pamLength_2.modelParams|sensorParams|encoders|lpos:n_496.modelParams|sensorParams|encoders|_classifierInput|n_151.modelParams|inferenceType_NontemporalMultiStep.modelParams|spParams|synPermInactiveDec_0.075075,  28629,  147,  None,  0.025075,  10,  13,  None,  2,  496,  151,  NontemporalMultiStep,  0.075075,  0.197108995017,  4.68992935987, 
1008,  1840,  completed,  eof,  2014-05-04 18:00:38,  2014-05-04 18:03:15,  157,  modelParams|clParams|alpha_0.075025.modelParams|tpParams|minThreshold_11.modelParams|tpParams|activationThreshold_15.modelParams|sensorParams|encoders|lwidth:n_396.modelParams|tpParams|pamLength_4.modelParams|sensorParams|encoders|lpos:n_521.modelParams|sensorParams|encoders|_classifierInput|n_398.modelParams|inferenceType_NontemporalMultiStep.modelParams|spParams|synPermInactiveDec_0.025225,  28629,  None,  None,  0.075025,  11,  15,  396,  4,  521,  398,  NontemporalMultiStep,  0.025225,  0.284947540148,  6.77992313059, 
1008,  1841,  completed,  eof,  2014-05-04 18:00:39,  2014-05-04 18:03:17,  158,  modelParams|sensorParams|encoders|rwidth:n_396.modelParams|clParams|alpha_0.075025.modelParams|tpParams|minThreshold_11.modelParams|tpParams|activationThreshold_15.modelParams|tpParams|pamLength_4.modelParams|sensorParams|encoders|lpos:n_521.modelParams|sensorParams|encoders|_classifierInput|n_398.modelParams|inferenceType_NontemporalMultiStep.modelParams|spParams|synPermInactiveDec_0.025225,  28629,  396,  None,  0.075025,  11,  15,  None,  4,  521,  398,  NontemporalMultiStep,  0.025225,  0.260999276058,  6.21010810585, 
1008,  1842,  completed,  eof,  2014-05-04 18:01:18,  2014-05-04 18:11:09,  591,  modelParams|clParams|alpha_0.0145852851107.modelParams|tpParams|minThreshold_9.modelParams|tpParams|activationThreshold_12.modelParams|sensorParams|encoders|lwidth:n_88.modelParams|tpParams|pamLength_2.modelParams|sensorParams|encoders|lpos:n_521.modelParams|sensorParams|encoders|_classifierInput|n_82.modelParams|inferenceType_TemporalMultiStep.modelParams|spParams|synPermInactiveDec_0.0994105860035,  28629,  None,  None,  0.0145852851107,  9,  12,  88,  2,  521,  82,  TemporalMultiStep,  0.0994105860035,  0.157476447712,  3.74692903054, 
1008,  1843,  completed,  eof,  2014-05-04 18:01:19,  2014-05-04 18:10:22,  543,  modelParams|sensorParams|encoders|rwidth:n_94.modelParams|clParams|alpha_0.0106252494518.modelParams|tpParams|minThreshold_9.modelParams|tpParams|activationThreshold_13.modelParams|tpParams|pamLength_2.modelParams|sensorParams|encoders|lpos:n_521.modelParams|sensorParams|encoders|_classifierInput|n_82.modelParams|inferenceType_TemporalMultiStep.modelParams|spParams|synPermInactiveDec_0.0994105860035,  28629,  94,  None,  0.0106252494518,  9,  13,  None,  2,  521,  82,  TemporalMultiStep,  0.0994105860035,  0.152891622368,  3.63783960525, 
1008,  1844,  completed,  eof,  2014-05-04 18:03:16,  2014-05-04 18:12:44,  568,  modelParams|clParams|alpha_0.0001.modelParams|tpParams|minThreshold_9.modelParams|tpParams|activationThreshold_12.modelParams|sensorParams|encoders|lwidth:n_22.modelParams|tpParams|pamLength_1.modelParams|sensorParams|encoders|lpos:n_521.modelParams|sensorParams|encoders|_classifierInput|n_53.modelParams|inferenceType_TemporalMultiStep.modelParams|spParams|synPermInactiveDec_0.095015,  28629,  None,  None,  0.0001,  9,  12,  22,  1,  521,  53,  TemporalMultiStep,  0.095015,  0.137051632722,  3.26094948669, 
1008,  1845,  completed,  eof,  2014-05-04 18:03:17,  2014-05-04 18:12:31,  554,  modelParams|sensorParams|encoders|rwidth:n_22.modelParams|clParams|alpha_0.005095.modelParams|tpParams|minThreshold_9.modelParams|tpParams|activationThreshold_12.modelParams|tpParams|pamLength_1.modelParams|sensorParams|encoders|lpos:n_521.modelParams|sensorParams|encoders|_classifierInput|n_53.modelParams|inferenceType_TemporalMultiStep.modelParams|spParams|synPermInactiveDec_0.095015,  28629,  22,  None,  0.005095,  9,  12,  None,  1,  521,  53,  TemporalMultiStep,  0.095015,  0.16547704495,  3.93729191013, 
1008,  1846,  completed,  eof,  2014-05-04 18:10:23,  2014-05-04 18:20:34,  611,  modelParams|clParams|alpha_0.0140855702213.modelParams|tpParams|minThreshold_9.modelParams|tpParams|activationThreshold_12.modelParams|sensorParams|encoders|lwidth:n_79.modelParams|tpParams|pamLength_2.modelParams|sensorParams|encoders|lpos:n_515.modelParams|sensorParams|encoders|_classifierInput|n_112.modelParams|inferenceType_TemporalMultiStep.modelParams|spParams|synPermInactiveDec_0.083866172007,  28629,  None,  None,  0.0140855702213,  9,  12,  79,  2,  515,  112,  TemporalMultiStep,  0.083866172007,  0.124572947718,  2.96403685127, 
1008,  1847,  completed,  eof,  2014-05-04 18:11:09,  2014-05-04 18:20:52,  583,  modelParams|sensorParams|encoders|rwidth:n_150.modelParams|clParams|alpha_0.0255154379447.modelParams|tpParams|minThreshold_9.modelParams|tpParams|activationThreshold_13.modelParams|tpParams|pamLength_2.modelParams|sensorParams|encoders|lpos:n_515.modelParams|sensorParams|encoders|_classifierInput|n_160.modelParams|inferenceType_TemporalMultiStep.modelParams|spParams|synPermInactiveDec_0.0833426684946,  28629,  150,  None,  0.0255154379447,  9,  13,  None,  2,  515,  160,  TemporalMultiStep,  0.0833426684946,  0.161243501333,  3.83656073599, 
1008,  1848,  completed,  eof,  2014-05-04 18:12:31,  2014-05-04 18:22:22,  591,  modelParams|clParams|alpha_0.0115832858119.modelParams|tpParams|minThreshold_9.modelParams|tpParams|activationThreshold_12.modelParams|sensorParams|encoders|lwidth:n_122.modelParams|tpParams|pamLength_2.modelParams|sensorParams|encoders|lpos:n_515.modelParams|sensorParams|encoders|_classifierInput|n_66.modelParams|inferenceType_TemporalMultiStep.modelParams|spParams|synPermInactiveDec_0.1,  28629,  None,  None,  0.0115832858119,  9,  12,  122,  2,  515,  66,  TemporalMultiStep,  0.1,  0.120725702844,  2.87249710857, 
1008,  1849,  completed,  eof,  2014-05-04 18:12:44,  2014-05-04 18:21:59,  555,  modelParams|sensorParams|encoders|rwidth:n_79.modelParams|clParams|alpha_0.00723006376706.modelParams|tpParams|minThreshold_9.modelParams|tpParams|activationThreshold_13.modelParams|tpParams|pamLength_2.modelParams|sensorParams|encoders|lpos:n_515.modelParams|sensorParams|encoders|_classifierInput|n_66.modelParams|inferenceType_TemporalMultiStep.modelParams|spParams|synPermInactiveDec_0.1,  28629,  79,  None,  0.00723006376706,  9,  13,  None,  2,  515,  66,  TemporalMultiStep,  0.1,  0.131374108932,  3.1258608495, 
1008,  1850,  completed,  eof,  2014-05-04 18:20:34,  2014-05-04 18:31:39,  665,  modelParams|clParams|alpha_0.0206687997124.modelParams|tpParams|minThreshold_9.modelParams|tpParams|activationThreshold_12.modelParams|sensorParams|encoders|lwidth:n_107.modelParams|tpParams|pamLength_3.modelParams|sensorParams|encoders|lpos:n_521.modelParams|sensorParams|encoders|_classifierInput|n_171.modelParams|inferenceType_TemporalMultiStep.modelParams|spParams|synPermInactiveDec_0.0723236961794,  28629,  None,  None,  0.0206687997124,  9,  12,  107,  3,  521,  171,  TemporalMultiStep,  0.0723236961794,  0.140780474759,  3.34967200158, 
1008,  1851,  completed,  eof,  2014-05-04 18:20:52,  2014-05-04 18:30:38,  586,  modelParams|sensorParams|encoders|rwidth:n_127.modelParams|clParams|alpha_0.0227503132188.modelParams|tpParams|minThreshold_9.modelParams|tpParams|activationThreshold_13.modelParams|tpParams|pamLength_2.modelParams|sensorParams|encoders|lpos:n_521.modelParams|sensorParams|encoders|_classifierInput|n_144.modelParams|inferenceType_TemporalMultiStep.modelParams|spParams|synPermInactiveDec_0.0861298754928,  28629,  127,  None,  0.0227503132188,  9,  13,  None,  2,  521,  144,  TemporalMultiStep,  0.0861298754928,  0.151004267699,  3.59293267405, 
1008,  1852,  completed,  eof,  2014-05-04 18:21:59,  2014-05-04 18:31:53,  594,  modelParams|clParams|alpha_0.00531433517812.modelParams|tpParams|minThreshold_9.modelParams|tpParams|activationThreshold_12.modelParams|sensorParams|encoders|lwidth:n_34.modelParams|tpParams|pamLength_1.modelParams|sensorParams|encoders|lpos:n_517.modelParams|sensorParams|encoders|_classifierInput|n_60.modelParams|inferenceType_TemporalMultiStep.modelParams|spParams|synPermInactiveDec_0.0979195531909,  28629,  None,  None,  0.00531433517812,  9,  12,  34,  1,  517,  60,  TemporalMultiStep,  0.0979195531909,  0.143124663868,  3.40544866122, 
1008,  1853,  completed,  eof,  2014-05-04 18:22:22,  2014-05-04 18:31:51,  569,  modelParams|sensorParams|encoders|rwidth:n_37.modelParams|clParams|alpha_0.0001.modelParams|tpParams|minThreshold_9.modelParams|tpParams|activationThreshold_12.modelParams|tpParams|pamLength_1.modelParams|sensorParams|encoders|lpos:n_517.modelParams|sensorParams|encoders|_classifierInput|n_28.modelParams|inferenceType_TemporalMultiStep.modelParams|spParams|synPermInactiveDec_0.1,  28629,  37,  None,  0.0001,  9,  12,  None,  1,  517,  28,  TemporalMultiStep,  0.1,  0.192988940871,  4.59189850693, 
1008,  1854,  completed,  eof,  2014-05-04 18:30:38,  2014-05-04 18:40:32,  594,  modelParams|clParams|alpha_0.00815276090979.modelParams|tpParams|minThreshold_9.modelParams|tpParams|activationThreshold_12.modelParams|sensorParams|encoders|lwidth:n_99.modelParams|tpParams|pamLength_2.modelParams|sensorParams|encoders|lpos:n_517.modelParams|sensorParams|encoders|_classifierInput|n_70.modelParams|inferenceType_TemporalMultiStep.modelParams|spParams|synPermInactiveDec_0.0981963086003,  28629,  None,  None,  0.00815276090979,  9,  12,  99,  2,  517,  70,  TemporalMultiStep,  0.0981963086003,  0.133481720982,  3.17600849309, 
1008,  1855,  completed,  eof,  2014-05-04 18:31:39,  2014-05-04 18:41:29,  590,  modelParams|sensorParams|encoders|rwidth:n_62.modelParams|clParams|alpha_0.00824242867742.modelParams|tpParams|minThreshold_9.modelParams|tpParams|activationThreshold_13.modelParams|tpParams|pamLength_2.modelParams|sensorParams|encoders|lpos:n_517.modelParams|sensorParams|encoders|_classifierInput|n_70.modelParams|inferenceType_TemporalMultiStep.modelParams|spParams|synPermInactiveDec_0.0981963086003,  28629,  62,  None,  0.00824242867742,  9,  13,  None,  2,  517,  70,  TemporalMultiStep,  0.0981963086003,  0.148811701745,  3.54076367264, 
1008,  1856,  completed,  eof,  2014-05-04 18:31:51,  2014-05-04 18:40:29,  518,  modelParams|clParams|alpha_0.0001.modelParams|tpParams|minThreshold_9.modelParams|tpParams|activationThreshold_12.modelParams|sensorParams|encoders|lwidth:n_22.modelParams|tpParams|pamLength_1.modelParams|sensorParams|encoders|lpos:n_520.modelParams|sensorParams|encoders|_classifierInput|n_28.modelParams|inferenceType_TemporalMultiStep.modelParams|spParams|synPermInactiveDec_0.1,  28629,  None,  None,  0.0001,  9,  12,  22,  1,  520,  28,  TemporalMultiStep,  0.1,  0.193389460846,  4.60142831245, 
1008,  1857,  completed,  eof,  2014-05-04 18:31:53,  2014-05-04 18:41:01,  548,  modelParams|sensorParams|encoders|rwidth:n_22.modelParams|clParams|alpha_0.0001.modelParams|tpParams|minThreshold_9.modelParams|tpParams|activationThreshold_13.modelParams|tpParams|pamLength_2.modelParams|sensorParams|encoders|lpos:n_520.modelParams|sensorParams|encoders|_classifierInput|n_28.modelParams|inferenceType_TemporalMultiStep.modelParams|spParams|synPermInactiveDec_0.1,  28629,  22,  None,  0.0001,  9,  13,  None,  2,  520,  28,  TemporalMultiStep,  0.1,  0.193389460846,  4.60142831245, 
1008,  1858,  completed,  eof,  2014-05-04 18:40:29,  2014-05-04 18:49:56,  567,  modelParams|clParams|alpha_0.00821035726492.modelParams|tpParams|minThreshold_9.modelParams|tpParams|activationThreshold_12.modelParams|sensorParams|encoders|lwidth:n_116.modelParams|tpParams|pamLength_2.modelParams|sensorParams|encoders|lpos:n_520.modelParams|sensorParams|encoders|_classifierInput|n_45.modelParams|inferenceType_TemporalMultiStep.modelParams|spParams|synPermInactiveDec_0.1,  28629,  None,  None,  0.00821035726492,  9,  12,  116,  2,  520,  45,  TemporalMultiStep,  0.1,  0.132714876628,  3.15776251782, 
1008,  1859,  completed,  eof,  2014-05-04 18:40:32,  2014-05-04 18:49:46,  554,  modelParams|sensorParams|encoders|rwidth:n_62.modelParams|clParams|alpha_0.00276882970882.modelParams|tpParams|minThreshold_9.modelParams|tpParams|activationThreshold_13.modelParams|tpParams|pamLength_2.modelParams|sensorParams|encoders|lpos:n_520.modelParams|sensorParams|encoders|_classifierInput|n_45.modelParams|inferenceType_TemporalMultiStep.modelParams|spParams|synPermInactiveDec_0.1,  28629,  62,  None,  0.00276882970882,  9,  13,  None,  2,  520,  45,  TemporalMultiStep,  0.1,  0.13861831818,  3.29822654817, 
1008,  1860,  completed,  eof,  2014-05-04 18:41:02,  2014-05-04 18:50:17,  555,  modelParams|clParams|alpha_0.0001.modelParams|tpParams|minThreshold_9.modelParams|tpParams|activationThreshold_12.modelParams|sensorParams|encoders|lwidth:n_47.modelParams|tpParams|pamLength_1.modelParams|sensorParams|encoders|lpos:n_515.modelParams|sensorParams|encoders|_classifierInput|n_28.modelParams|inferenceType_TemporalMultiStep.modelParams|spParams|synPermInactiveDec_0.1,  28629,  None,  None,  0.0001,  9,  12,  47,  1,  515,  28,  TemporalMultiStep,  0.1,  0.192988940871,  4.59189850693, 
1008,  1861,  completed,  eof,  2014-05-04 18:41:29,  2014-05-04 18:51:16,  587,  modelParams|sensorParams|encoders|rwidth:n_22.modelParams|clParams|alpha_0.0001.modelParams|tpParams|minThreshold_9.modelParams|tpParams|activationThreshold_13.modelParams|tpParams|pamLength_2.modelParams|sensorParams|encoders|lpos:n_517.modelParams|sensorParams|encoders|_classifierInput|n_28.modelParams|inferenceType_TemporalMultiStep.modelParams|spParams|synPermInactiveDec_0.1,  28629,  22,  None,  0.0001,  9,  13,  None,  2,  517,  28,  TemporalMultiStep,  0.1,  0.193389460846,  4.60142831245, 
1008,  1862,  completed,  killed,  2014-05-04 18:49:47,  2014-05-04 18:50:17,  30,  modelParams|clParams|alpha_0.00807447467797.modelParams|tpParams|minThreshold_9.modelParams|tpParams|activationThreshold_12.modelParams|sensorParams|encoders|lwidth:n_94.modelParams|tpParams|pamLength_2.modelParams|sensorParams|encoders|lpos:n_513.modelParams|sensorParams|encoders|_classifierInput|n_60.modelParams|inferenceType_TemporalMultiStep.modelParams|spParams|synPermInactiveDec_0.0993945984305,  2350,  None,  None,  0.00807447467797,  9,  12,  94,  2,  513,  60,  TemporalMultiStep,  0.0993945984305,  0.267155419223,  101.713724503, 
1008,  1863,  completed,  killed,  2014-05-04 18:49:56,  2014-05-04 18:51:17,  81,  modelParams|sensorParams|encoders|rwidth:n_72.modelParams|clParams|alpha_0.00561631060434.modelParams|tpParams|minThreshold_9.modelParams|tpParams|activationThreshold_13.modelParams|tpParams|pamLength_2.modelParams|sensorParams|encoders|lpos:n_514.modelParams|sensorParams|encoders|_classifierInput|n_57.modelParams|inferenceType_TemporalMultiStep.modelParams|spParams|synPermInactiveDec_0.1,  5550,  72,  None,  0.00561631060434,  9,  13,  None,  2,  514,  57,  TemporalMultiStep,  0.1,  0.189433468225,  46.4526813348, 
1008,  1864,  completed,  killed,  2014-05-04 18:50:17,  2014-05-04 18:51:17,  60,  modelParams|sensorParams|encoders|rwidth:n_86.modelParams|clParams|alpha_0.00812900563092.modelParams|tpParams|minThreshold_9.modelParams|tpParams|activationThreshold_13.modelParams|tpParams|pamLength_2.modelParams|sensorParams|encoders|lpos:n_513.modelParams|sensorParams|encoders|_classifierInput|n_71.modelParams|inferenceType_TemporalMultiStep.modelParams|spParams|synPermInactiveDec_0.1,  4400,  86,  None,  0.00812900563092,  9,  13,  None,  2,  513,  71,  TemporalMultiStep,  0.1,  0.401908647671,  134.428559573, 
1008,  1865,  completed,  killed,  2014-05-04 18:50:17,  2014-05-04 18:51:17,  60,  modelParams|sensorParams|encoders|rwidth:n_64.modelParams|clParams|alpha_0.00350223122785.modelParams|tpParams|minThreshold_9.modelParams|tpParams|activationThreshold_12.modelParams|tpParams|pamLength_2.modelParams|sensorParams|encoders|lpos:n_515.modelParams|sensorParams|encoders|_classifierInput|n_45.modelParams|inferenceType_TemporalMultiStep.modelParams|spParams|synPermInactiveDec_0.1,  4400,  64,  None,  0.00350223122785,  9,  12,  None,  2,  515,  45,  TemporalMultiStep,  0.1,  0.233291234219,  78.0301811341, 
1008,  1866,  completed,  eof,  2014-05-04 18:51:16,  2014-05-04 18:53:33,  137,  modelParams|sensorParams|encoders|rwidth:n_272.modelParams|clParams|alpha_0.05005.modelParams|tpParams|minThreshold_11.modelParams|tpParams|activationThreshold_14.modelParams|sensorParams|encoders|lwidth:n_272.modelParams|tpParams|pamLength_3.modelParams|sensorParams|encoders|lpos:n_521.modelParams|sensorParams|encoders|_classifierInput|n_275.modelParams|inferenceType_NontemporalMultiStep.modelParams|spParams|synPermInactiveDec_0.05015,  28629,  272,  None,  0.05005,  11,  14,  272,  3,  521,  275,  NontemporalMultiStep,  0.05015,  0.264338240102,  6.2895540261, 
1008,  1867,  completed,  eof,  2014-05-04 18:51:17,  2014-05-04 18:52:53,  96,  modelParams|sensorParams|encoders|rwidth:n_22.modelParams|clParams|alpha_0.0001.modelParams|tpParams|minThreshold_9.modelParams|tpParams|activationThreshold_12.modelParams|sensorParams|encoders|lwidth:n_22.modelParams|tpParams|pamLength_1.modelParams|sensorParams|encoders|lpos:n_521.modelParams|sensorParams|encoders|_classifierInput|n_28.modelParams|inferenceType_NontemporalMultiStep.modelParams|spParams|synPermInactiveDec_0.1,  28629,  22,  None,  0.0001,  9,  12,  22,  1,  521,  28,  NontemporalMultiStep,  0.1,  0.193389460846,  4.60142831245, 
1008,  1868,  completed,  eof,  2014-05-04 18:51:17,  2014-05-04 18:54:33,  196,  modelParams|sensorParams|encoders|rwidth:n_521.modelParams|clParams|alpha_0.1.modelParams|tpParams|minThreshold_12.modelParams|tpParams|activationThreshold_16.modelParams|sensorParams|encoders|lwidth:n_521.modelParams|tpParams|pamLength_5.modelParams|sensorParams|encoders|lpos:n_521.modelParams|sensorParams|encoders|_classifierInput|n_521.modelParams|inferenceType_NontemporalMultiStep.modelParams|spParams|synPermInactiveDec_0.0003,  28629,  521,  None,  0.1,  12,  16,  521,  5,  521,  521,  NontemporalMultiStep,  0.0003,  0.275996982813,  6.56695729597, 
1008,  1869,  completed,  eof,  2014-05-04 18:51:17,  2014-05-04 18:53:17,  120,  modelParams|sensorParams|encoders|rwidth:n_147.modelParams|clParams|alpha_0.025075.modelParams|tpParams|minThreshold_10.modelParams|tpParams|activationThreshold_13.modelParams|sensorParams|encoders|lwidth:n_147.modelParams|tpParams|pamLength_2.modelParams|sensorParams|encoders|lpos:n_496.modelParams|sensorParams|encoders|_classifierInput|n_151.modelParams|inferenceType_NontemporalMultiStep.modelParams|spParams|synPermInactiveDec_0.075075,  28629,  147,  None,  0.025075,  10,  13,  147,  2,  496,  151,  NontemporalMultiStep,  0.075075,  0.205169715408,  4.88172278471, 
1008,  1870,  completed,  eof,  2014-05-04 18:52:53,  2014-05-04 18:55:28,  155,  modelParams|sensorParams|encoders|rwidth:n_396.modelParams|clParams|alpha_0.075025.modelParams|tpParams|minThreshold_11.modelParams|tpParams|activationThreshold_15.modelParams|sensorParams|encoders|lwidth:n_396.modelParams|tpParams|pamLength_4.modelParams|sensorParams|encoders|lpos:n_496.modelParams|sensorParams|encoders|_classifierInput|n_398.modelParams|inferenceType_NontemporalMultiStep.modelParams|spParams|synPermInactiveDec_0.025225,  28629,  396,  None,  0.075025,  11,  15,  396,  4,  496,  398,  NontemporalMultiStep,  0.025225,  0.263326154619,  6.26547288551, 
1008,  1871,  completed,  eof,  2014-05-04 18:53:17,  2014-05-04 18:54:57,  100,  modelParams|sensorParams|encoders|rwidth:n_22.modelParams|clParams|alpha_0.005095.modelParams|tpParams|minThreshold_9.modelParams|tpParams|activationThreshold_12.modelParams|sensorParams|encoders|lwidth:n_22.modelParams|tpParams|pamLength_1.modelParams|sensorParams|encoders|lpos:n_521.modelParams|sensorParams|encoders|_classifierInput|n_53.modelParams|inferenceType_NontemporalMultiStep.modelParams|spParams|synPermInactiveDec_0.095015,  28629,  22,  None,  0.005095,  9,  12,  22,  1,  521,  53,  NontemporalMultiStep,  0.095015,  0.141156384284,  3.35861623631, 
1008,  1872,  completed,  eof,  2014-05-04 18:53:34,  2014-05-04 18:55:15,  101,  modelParams|sensorParams|encoders|rwidth:n_94.modelParams|clParams|alpha_0.0106252494518.modelParams|tpParams|minThreshold_9.modelParams|tpParams|activationThreshold_13.modelParams|sensorParams|encoders|lwidth:n_93.modelParams|tpParams|pamLength_1.modelParams|sensorParams|encoders|lpos:n_521.modelParams|sensorParams|encoders|_classifierInput|n_48.modelParams|inferenceType_NontemporalMultiStep.modelParams|spParams|synPermInactiveDec_0.1,  28629,  94,  None,  0.0106252494518,  9,  13,  93,  1,  521,  48,  NontemporalMultiStep,  0.1,  0.134209113344,  3.19331576411, 
1008,  1873,  completed,  eof,  2014-05-04 18:54:33,  2014-05-04 18:56:15,  102,  modelParams|sensorParams|encoders|rwidth:n_92.modelParams|clParams|alpha_0.0161554989036.modelParams|tpParams|minThreshold_9.modelParams|tpParams|activationThreshold_12.modelParams|sensorParams|encoders|lwidth:n_91.modelParams|tpParams|pamLength_1.modelParams|sensorParams|encoders|lpos:n_521.modelParams|sensorParams|encoders|_classifierInput|n_44.modelParams|inferenceType_NontemporalMultiStep.modelParams|spParams|synPermInactiveDec_0.1,  28629,  92,  None,  0.0161554989036,  9,  12,  91,  1,  521,  44,  NontemporalMultiStep,  0.1,  0.143694804795,  3.41901435706, 
1008,  1874,  completed,  eof,  2014-05-04 18:54:57,  2014-05-04 18:56:34,  97,  modelParams|sensorParams|encoders|rwidth:n_22.modelParams|clParams|alpha_0.00231209978071.modelParams|tpParams|minThreshold_9.modelParams|tpParams|activationThreshold_12.modelParams|sensorParams|encoders|lwidth:n_70.modelParams|tpParams|pamLength_1.modelParams|sensorParams|encoders|lpos:n_512.modelParams|sensorParams|encoders|_classifierInput|n_28.modelParams|inferenceType_NontemporalMultiStep.modelParams|spParams|synPermInactiveDec_0.1,  28629,  22,  None,  0.00231209978071,  9,  12,  70,  1,  512,  28,  NontemporalMultiStep,  0.1,  0.201232707628,  4.7880472608, 
1008,  1875,  completed,  eof,  2014-05-04 18:55:16,  2014-05-04 18:56:58,  102,  modelParams|sensorParams|encoders|rwidth:n_74.modelParams|clParams|alpha_0.0112617139863.modelParams|tpParams|minThreshold_9.modelParams|tpParams|activationThreshold_13.modelParams|sensorParams|encoders|lwidth:n_73.modelParams|tpParams|pamLength_1.modelParams|sensorParams|encoders|lpos:n_521.modelParams|sensorParams|encoders|_classifierInput|n_54.modelParams|inferenceType_NontemporalMultiStep.modelParams|spParams|synPermInactiveDec_0.0993707543306,  28629,  74,  None,  0.0112617139863,  9,  13,  73,  1,  521,  54,  NontemporalMultiStep,  0.0993707543306,  0.135487366603,  3.22372998995, 
1008,  1876,  completed,  eof,  2014-05-04 18:55:28,  2014-05-04 18:57:22,  114,  modelParams|sensorParams|encoders|rwidth:n_144.modelParams|clParams|alpha_0.0178249047351.modelParams|tpParams|minThreshold_10.modelParams|tpParams|activationThreshold_14.modelParams|sensorParams|encoders|lwidth:n_134.modelParams|tpParams|pamLength_2.modelParams|sensorParams|encoders|lpos:n_512.modelParams|sensorParams|encoders|_classifierInput|n_113.modelParams|inferenceType_NontemporalMultiStep.modelParams|spParams|synPermInactiveDec_0.0617225211318,  28629,  144,  None,  0.0178249047351,  10,  14,  134,  2,  512,  113,  NontemporalMultiStep,  0.0617225211318,  0.1446078186,  3.4407382274, 
1008,  1877,  completed,  eof,  2014-05-04 18:56:15,  2014-05-04 18:58:01,  106,  modelParams|sensorParams|encoders|rwidth:n_127.modelParams|clParams|alpha_0.0227503132188.modelParams|tpParams|minThreshold_9.modelParams|tpParams|activationThreshold_13.modelParams|sensorParams|encoders|lwidth:n_125.modelParams|tpParams|pamLength_1.modelParams|sensorParams|encoders|lpos:n_512.modelParams|sensorParams|encoders|_classifierInput|n_66.modelParams|inferenceType_NontemporalMultiStep.modelParams|spParams|synPermInactiveDec_0.1,  28629,  127,  None,  0.0227503132188,  9,  13,  125,  1,  512,  66,  NontemporalMultiStep,  0.1,  0.185157482823,  4.40556005481, 
1008,  1878,  completed,  eof,  2014-05-04 18:56:34,  2014-05-04 18:58:11,  97,  modelParams|sensorParams|encoders|rwidth:n_50.modelParams|clParams|alpha_0.000769061814733.modelParams|tpParams|minThreshold_9.modelParams|tpParams|activationThreshold_12.modelParams|sensorParams|encoders|lwidth:n_49.modelParams|tpParams|pamLength_1.modelParams|sensorParams|encoders|lpos:n_521.modelParams|sensorParams|encoders|_classifierInput|n_28.modelParams|inferenceType_NontemporalMultiStep.modelParams|spParams|synPermInactiveDec_0.1,  28629,  50,  None,  0.000769061814733,  9,  12,  49,  1,  521,  28,  NontemporalMultiStep,  0.1,  0.194920823382,  4.63786491505, 
1008,  1879,  completed,  eof,  2014-05-04 18:56:58,  2014-05-04 18:58:33,  95,  modelParams|sensorParams|encoders|rwidth:n_22.modelParams|clParams|alpha_0.0001.modelParams|tpParams|minThreshold_9.modelParams|tpParams|activationThreshold_12.modelParams|sensorParams|encoders|lwidth:n_22.modelParams|tpParams|pamLength_1.modelParams|sensorParams|encoders|lpos:n_521.modelParams|sensorParams|encoders|_classifierInput|n_28.modelParams|inferenceType_NontemporalMultiStep.modelParams|spParams|synPermInactiveDec_0.1,  28629,  22,  None,  0.0001,  9,  12,  22,  1,  521,  28,  NontemporalMultiStep,  0.1,  0.193389460846,  4.60142831245, 
1008,  1880,  completed,  eof,  2014-05-04 18:57:22,  2014-05-04 18:58:59,  97,  modelParams|sensorParams|encoders|rwidth:n_49.modelParams|clParams|alpha_0.00401412817252.modelParams|tpParams|minThreshold_9.modelParams|tpParams|activationThreshold_13.modelParams|sensorParams|encoders|lwidth:n_70.modelParams|tpParams|pamLength_1.modelParams|sensorParams|encoders|lpos:n_521.modelParams|sensorParams|encoders|_classifierInput|n_28.modelParams|inferenceType_NontemporalMultiStep.modelParams|spParams|synPermInactiveDec_0.1,  28629,  49,  None,  0.00401412817252,  9,  13,  70,  1,  521,  28,  NontemporalMultiStep,  0.1,  0.200640739268,  4.77396221213, 
1008,  1881,  completed,  eof,  2014-05-04 18:58:01,  2014-05-04 18:59:53,  112,  modelParams|sensorParams|encoders|rwidth:n_117.modelParams|clParams|alpha_0.0118397158182.modelParams|tpParams|minThreshold_9.modelParams|tpParams|activationThreshold_13.modelParams|sensorParams|encoders|lwidth:n_112.modelParams|tpParams|pamLength_1.modelParams|sensorParams|encoders|lpos:n_517.modelParams|sensorParams|encoders|_classifierInput|n_64.modelParams|inferenceType_NontemporalMultiStep.modelParams|spParams|synPermInactiveDec_0.0951683173896,  28629,  117,  None,  0.0118397158182,  9,  13,  112,  1,  517,  64,  NontemporalMultiStep,  0.0951683173896,  0.11855932144,  2.82095113142, 
1008,  1882,  completed,  eof,  2014-05-04 18:58:11,  2014-05-04 18:59:46,  95,  modelParams|sensorParams|encoders|rwidth:n_33.modelParams|clParams|alpha_0.0001.modelParams|tpParams|minThreshold_9.modelParams|tpParams|activationThreshold_13.modelParams|sensorParams|encoders|lwidth:n_32.modelParams|tpParams|pamLength_1.modelParams|sensorParams|encoders|lpos:n_521.modelParams|sensorParams|encoders|_classifierInput|n_28.modelParams|inferenceType_NontemporalMultiStep.modelParams|spParams|synPermInactiveDec_0.1,  28629,  33,  None,  0.0001,  9,  13,  32,  1,  521,  28,  NontemporalMultiStep,  0.1,  0.192747868871,  4.58616254013, 
1008,  1883,  completed,  eof,  2014-05-04 18:58:33,  2014-05-04 19:00:15,  102,  modelParams|sensorParams|encoders|rwidth:n_103.modelParams|clParams|alpha_0.0122373945679.modelParams|tpParams|minThreshold_9.modelParams|tpParams|activationThreshold_13.modelParams|sensorParams|encoders|lwidth:n_102.modelParams|tpParams|pamLength_1.modelParams|sensorParams|encoders|lpos:n_521.modelParams|sensorParams|encoders|_classifierInput|n_48.modelParams|inferenceType_NontemporalMultiStep.modelParams|spParams|synPermInactiveDec_0.1,  28629,  103,  None,  0.0122373945679,  9,  13,  102,  1,  521,  48,  NontemporalMultiStep,  0.1,  0.13865963917,  3.29920972261, 
1008,  1884,  completed,  eof,  2014-05-04 18:58:59,  2014-05-04 19:00:40,  101,  modelParams|sensorParams|encoders|rwidth:n_86.modelParams|clParams|alpha_0.0093122793664.modelParams|tpParams|minThreshold_9.modelParams|tpParams|activationThreshold_13.modelParams|sensorParams|encoders|lwidth:n_84.modelParams|tpParams|pamLength_1.modelParams|sensorParams|encoders|lpos:n_521.modelParams|sensorParams|encoders|_classifierInput|n_39.modelParams|inferenceType_NontemporalMultiStep.modelParams|spParams|synPermInactiveDec_0.1,  28629,  86,  None,  0.0093122793664,  9,  13,  84,  1,  521,  39,  NontemporalMultiStep,  0.1,  0.136207494519,  3.24086441374, 
1008,  1885,  completed,  eof,  2014-05-04 18:59:46,  2014-05-04 19:01:24,  98,  modelParams|sensorParams|encoders|rwidth:n_72.modelParams|clParams|alpha_0.00664283979872.modelParams|tpParams|minThreshold_9.modelParams|tpParams|activationThreshold_13.modelParams|sensorParams|encoders|lwidth:n_70.modelParams|tpParams|pamLength_1.modelParams|sensorParams|encoders|lpos:n_521.modelParams|sensorParams|encoders|_classifierInput|n_28.modelParams|inferenceType_NontemporalMultiStep.modelParams|spParams|synPermInactiveDec_0.1,  28629,  72,  None,  0.00664283979872,  9,  13,  70,  1,  521,  28,  NontemporalMultiStep,  0.1,  0.203712707828,  4.84705535299, 
1008,  1886,  completed,  eof,  2014-05-04 18:59:53,  2014-05-04 19:01:37,  104,  modelParams|sensorParams|encoders|rwidth:n_111.modelParams|clParams|alpha_0.011398807465.modelParams|tpParams|minThreshold_9.modelParams|tpParams|activationThreshold_13.modelParams|sensorParams|encoders|lwidth:n_104.modelParams|tpParams|pamLength_1.modelParams|sensorParams|encoders|lpos:n_520.modelParams|sensorParams|encoders|_classifierInput|n_62.modelParams|inferenceType_NontemporalMultiStep.modelParams|spParams|synPermInactiveDec_0.0962823530696,  28629,  111,  None,  0.011398807465,  9,  13,  104,  1,  520,  62,  NontemporalMultiStep,  0.0962823530696,  0.118746311893,  2.82540030442, 
1008,  1887,  completed,  eof,  2014-05-04 19:00:15,  2014-05-04 19:01:57,  102,  modelParams|sensorParams|encoders|rwidth:n_110.modelParams|clParams|alpha_0.010343418589.modelParams|tpParams|minThreshold_9.modelParams|tpParams|activationThreshold_13.modelParams|sensorParams|encoders|lwidth:n_106.modelParams|tpParams|pamLength_1.modelParams|sensorParams|encoders|lpos:n_519.modelParams|sensorParams|encoders|_classifierInput|n_52.modelParams|inferenceType_NontemporalMultiStep.modelParams|spParams|synPermInactiveDec_0.1,  28629,  110,  None,  0.010343418589,  9,  13,  106,  1,  519,  52,  NontemporalMultiStep,  0.1,  0.129903380173,  3.09086694176, 
1008,  1888,  completed,  eof,  2014-05-04 19:00:40,  2014-05-04 19:02:22,  102,  modelParams|sensorParams|encoders|rwidth:n_102.modelParams|clParams|alpha_0.00973013245169.modelParams|tpParams|minThreshold_9.modelParams|tpParams|activationThreshold_13.modelParams|sensorParams|encoders|lwidth:n_96.modelParams|tpParams|pamLength_1.modelParams|sensorParams|encoders|lpos:n_519.modelParams|sensorParams|encoders|_classifierInput|n_49.modelParams|inferenceType_NontemporalMultiStep.modelParams|spParams|synPermInactiveDec_0.1,  28629,  102,  None,  0.00973013245169,  9,  13,  96,  1,  519,  49,  NontemporalMultiStep,  0.1,  0.121927799772,  2.90109930236, 
1008,  1889,  completed,  killed,  2014-05-04 19:01:24,  2014-05-04 19:02:22,  58,  modelParams|sensorParams|encoders|rwidth:n_114.modelParams|clParams|alpha_0.0119056950538.modelParams|tpParams|minThreshold_9.modelParams|tpParams|activationThreshold_13.modelParams|sensorParams|encoders|lwidth:n_111.modelParams|tpParams|pamLength_1.modelParams|sensorParams|encoders|lpos:n_518.modelParams|sensorParams|encoders|_classifierInput|n_64.modelParams|inferenceType_NontemporalMultiStep.modelParams|spParams|synPermInactiveDec_0.0948563779056,  15850,  114,  None,  0.0119056950538,  9,  13,  111,  1,  518,  64,  NontemporalMultiStep,  0.0948563779056,  0.109177304794,  8.02840371947, 
1008,  1890,  completed,  killed,  2014-05-04 19:01:37,  2014-05-04 19:02:22,  45,  modelParams|sensorParams|encoders|rwidth:n_122.modelParams|clParams|alpha_0.013994397842.modelParams|tpParams|minThreshold_9.modelParams|tpParams|activationThreshold_13.modelParams|sensorParams|encoders|lwidth:n_118.modelParams|tpParams|pamLength_1.modelParams|sensorParams|encoders|lpos:n_518.modelParams|sensorParams|encoders|_classifierInput|n_70.modelParams|inferenceType_NontemporalMultiStep.modelParams|spParams|synPermInactiveDec_0.0955234932886,  12050,  122,  None,  0.013994397842,  9,  13,  118,  1,  518,  70,  NontemporalMultiStep,  0.0955234932886,  0.285038535843,  20.921120356, 
1008,  1891,  completed,  killed,  2014-05-04 19:01:57,  2014-05-04 19:02:22,  25,  modelParams|sensorParams|encoders|rwidth:n_127.modelParams|clParams|alpha_0.0150642078129.modelParams|tpParams|minThreshold_9.modelParams|tpParams|activationThreshold_13.modelParams|sensorParams|encoders|lwidth:n_121.modelParams|tpParams|pamLength_1.modelParams|sensorParams|encoders|lpos:n_518.modelParams|sensorParams|encoders|_classifierInput|n_68.modelParams|inferenceType_NontemporalMultiStep.modelParams|spParams|synPermInactiveDec_0.0963988064653,  6900,  127,  None,  0.0150642078129,  9,  13,  121,  1,  518,  68,  NontemporalMultiStep,  0.0963988064653,  0.548240395155,  89.0877031642, 
