jobID,  modelID,  status,  completionReason,  startTime,  endTime,  runtime(s),  expDesc,  numRecords,  modelParams|sensorParams|encoders|rwidth:n,  modelParams|sensorParams|encoders|rpos:n,  modelParams|clParams|alpha,  modelParams|tpParams|minThreshold,  modelParams|tpParams|activationThreshold,  modelParams|sensorParams|encoders|lwidth:n,  modelParams|tpParams|pamLength,  modelParams|sensorParams|encoders|lpos:n,  modelParams|sensorParams|encoders|_classifierInput|n,  modelParams|inferenceType,  modelParams|spParams|synPermInactiveDec,  multiStepBestPredictions:multiStep:errorMetric='aae':steps=[40, 70, 100]:window=1000:field=rpos,  multiStepBestPredictions:multiStep:errorMetric='altMAPE':steps=[40, 70, 100]:window=1000:field=rpos, 
1010,  1906,  completed,  eof,  2014-05-04 21:57:01,  2014-05-04 21:57:29,  28,  modelParams|clParams|alpha_0.05005.modelParams|tpParams|minThreshold_11.modelParams|tpParams|activationThreshold_14.modelParams|tpParams|pamLength_3.modelParams|sensorParams|encoders|lpos:n_272.modelParams|sensorParams|encoders|_classifierInput|n_275.modelParams|inferenceType_NontemporalMultiStep.modelParams|spParams|synPermInactiveDec_0.05015,  5000,  None,  None,  0.05005,  11,  14,  None,  3,  272,  275,  NontemporalMultiStep,  0.05015,  0.624754107743,  166.749723206, 
1010,  1927,  completed,  eof,  2014-05-04 21:57:01,  2014-05-04 21:57:26,  25,  modelParams|clParams|alpha_0.05005.modelParams|tpParams|minThreshold_11.modelParams|tpParams|activationThreshold_14.modelParams|sensorParams|encoders|lwidth:n_272.modelParams|tpParams|pamLength_3.modelParams|sensorParams|encoders|_classifierInput|n_275.modelParams|inferenceType_NontemporalMultiStep.modelParams|spParams|synPermInactiveDec_0.05015,  5000,  None,  None,  0.05005,  11,  14,  272,  3,  None,  275,  NontemporalMultiStep,  0.05015,  0.680258735607,  181.564161748, 
1010,  1948,  completed,  eof,  2014-05-04 21:57:01,  2014-05-04 21:57:28,  27,  modelParams|sensorParams|encoders|rpos:n_272.modelParams|clParams|alpha_0.05005.modelParams|tpParams|minThreshold_11.modelParams|tpParams|activationThreshold_14.modelParams|tpParams|pamLength_3.modelParams|sensorParams|encoders|_classifierInput|n_275.modelParams|inferenceType_NontemporalMultiStep.modelParams|spParams|synPermInactiveDec_0.05015,  5000,  None,  272,  0.05005,  11,  14,  None,  3,  None,  275,  NontemporalMultiStep,  0.05015,  0.575963259335,  153.727223048, 
1010,  1959,  completed,  eof,  2014-05-04 21:57:01,  2014-05-04 21:57:27,  26,  modelParams|sensorParams|encoders|rwidth:n_272.modelParams|clParams|alpha_0.05005.modelParams|tpParams|minThreshold_11.modelParams|tpParams|activationThreshold_14.modelParams|tpParams|pamLength_3.modelParams|sensorParams|encoders|_classifierInput|n_275.modelParams|inferenceType_NontemporalMultiStep.modelParams|spParams|synPermInactiveDec_0.05015,  5000,  272,  None,  0.05005,  11,  14,  None,  3,  None,  275,  NontemporalMultiStep,  0.05015,  0.678172431877,  181.007317759, 
1010,  1960,  completed,  eof,  2014-05-04 21:57:26,  2014-05-04 21:58:13,  47,  modelParams|clParams|alpha_0.0001.modelParams|tpParams|minThreshold_9.modelParams|tpParams|activationThreshold_12.modelParams|tpParams|pamLength_1.modelParams|sensorParams|encoders|lpos:n_22.modelParams|sensorParams|encoders|_classifierInput|n_28.modelParams|inferenceType_TemporalMultiStep.modelParams|spParams|synPermInactiveDec_0.1,  5000,  None,  None,  0.0001,  9,  12,  None,  1,  22,  28,  TemporalMultiStep,  0.1,  0.322658580428,  86.1190479735, 
1010,  1961,  completed,  eof,  2014-05-04 21:57:27,  2014-05-04 21:58:05,  38,  modelParams|clParams|alpha_0.0001.modelParams|tpParams|minThreshold_9.modelParams|tpParams|activationThreshold_12.modelParams|sensorParams|encoders|lwidth:n_22.modelParams|tpParams|pamLength_1.modelParams|sensorParams|encoders|_classifierInput|n_28.modelParams|inferenceType_TemporalMultiStep.modelParams|spParams|synPermInactiveDec_0.1,  5000,  None,  None,  0.0001,  9,  12,  22,  1,  None,  28,  TemporalMultiStep,  0.1,  0.343998621408,  91.8148023232, 
1010,  1962,  completed,  eof,  2014-05-04 21:57:28,  2014-05-04 21:58:09,  41,  modelParams|sensorParams|encoders|rpos:n_22.modelParams|clParams|alpha_0.0001.modelParams|tpParams|minThreshold_9.modelParams|tpParams|activationThreshold_12.modelParams|tpParams|pamLength_1.modelParams|sensorParams|encoders|_classifierInput|n_28.modelParams|inferenceType_TemporalMultiStep.modelParams|spParams|synPermInactiveDec_0.1,  5000,  None,  22,  0.0001,  9,  12,  None,  1,  None,  28,  TemporalMultiStep,  0.1,  0.330220788511,  88.1374358307, 
1010,  1963,  completed,  eof,  2014-05-04 21:57:29,  2014-05-04 21:58:06,  37,  modelParams|sensorParams|encoders|rwidth:n_22.modelParams|clParams|alpha_0.0001.modelParams|tpParams|minThreshold_9.modelParams|tpParams|activationThreshold_12.modelParams|tpParams|pamLength_1.modelParams|sensorParams|encoders|_classifierInput|n_28.modelParams|inferenceType_TemporalMultiStep.modelParams|spParams|synPermInactiveDec_0.1,  5000,  22,  None,  0.0001,  9,  12,  None,  1,  None,  28,  TemporalMultiStep,  0.1,  0.347215124737,  92.6733017442, 
1010,  1964,  completed,  eof,  2014-05-04 21:58:05,  2014-05-04 21:58:48,  43,  modelParams|clParams|alpha_0.1.modelParams|tpParams|minThreshold_12.modelParams|tpParams|activationThreshold_16.modelParams|tpParams|pamLength_5.modelParams|sensorParams|encoders|lpos:n_521.modelParams|sensorParams|encoders|_classifierInput|n_521.modelParams|inferenceType_NontemporalMultiStep.modelParams|spParams|synPermInactiveDec_0.0003,  5000,  None,  None,  0.1,  12,  16,  None,  5,  521,  521,  NontemporalMultiStep,  0.0003,  0.547783916397,  146.206027786, 
1010,  1965,  completed,  eof,  2014-05-04 21:58:06,  2014-05-04 21:58:44,  38,  modelParams|clParams|alpha_0.1.modelParams|tpParams|minThreshold_12.modelParams|tpParams|activationThreshold_16.modelParams|sensorParams|encoders|lwidth:n_521.modelParams|tpParams|pamLength_5.modelParams|sensorParams|encoders|_classifierInput|n_521.modelParams|inferenceType_NontemporalMultiStep.modelParams|spParams|synPermInactiveDec_0.0003,  5000,  None,  None,  0.1,  12,  16,  521,  5,  None,  521,  NontemporalMultiStep,  0.0003,  0.64735662011,  172.782436932, 
1010,  1966,  completed,  eof,  2014-05-04 21:58:09,  2014-05-04 21:58:54,  45,  modelParams|sensorParams|encoders|rpos:n_521.modelParams|clParams|alpha_0.1.modelParams|tpParams|minThreshold_12.modelParams|tpParams|activationThreshold_16.modelParams|tpParams|pamLength_5.modelParams|sensorParams|encoders|_classifierInput|n_521.modelParams|inferenceType_NontemporalMultiStep.modelParams|spParams|synPermInactiveDec_0.0003,  5000,  None,  521,  0.1,  12,  16,  None,  5,  None,  521,  NontemporalMultiStep,  0.0003,  0.552867604812,  147.562887429, 
1010,  1967,  completed,  eof,  2014-05-04 21:58:13,  2014-05-04 21:58:53,  40,  modelParams|sensorParams|encoders|rwidth:n_521.modelParams|clParams|alpha_0.1.modelParams|tpParams|minThreshold_12.modelParams|tpParams|activationThreshold_16.modelParams|tpParams|pamLength_5.modelParams|sensorParams|encoders|_classifierInput|n_521.modelParams|inferenceType_NontemporalMultiStep.modelParams|spParams|synPermInactiveDec_0.0003,  5000,  521,  None,  0.1,  12,  16,  None,  5,  None,  521,  NontemporalMultiStep,  0.0003,  0.649846777287,  173.447071249, 
1010,  1968,  completed,  eof,  2014-05-04 21:58:44,  2014-05-04 22:00:10,  86,  modelParams|clParams|alpha_0.025075.modelParams|tpParams|minThreshold_10.modelParams|tpParams|activationThreshold_13.modelParams|tpParams|pamLength_2.modelParams|sensorParams|encoders|lpos:n_147.modelParams|sensorParams|encoders|_classifierInput|n_151.modelParams|inferenceType_TemporalMultiStep.modelParams|spParams|synPermInactiveDec_0.075075,  5000,  None,  None,  0.025075,  10,  13,  None,  2,  147,  151,  TemporalMultiStep,  0.075075,  0.528405068845,  141.033724914, 
1010,  1969,  completed,  eof,  2014-05-04 21:58:48,  2014-05-04 22:00:11,  83,  modelParams|clParams|alpha_0.025075.modelParams|tpParams|minThreshold_10.modelParams|tpParams|activationThreshold_13.modelParams|sensorParams|encoders|lwidth:n_147.modelParams|tpParams|pamLength_2.modelParams|sensorParams|encoders|_classifierInput|n_151.modelParams|inferenceType_TemporalMultiStep.modelParams|spParams|synPermInactiveDec_0.075075,  5000,  None,  None,  0.025075,  10,  13,  147,  2,  None,  151,  TemporalMultiStep,  0.075075,  0.660070735539,  176.175892377, 
1010,  1970,  completed,  eof,  2014-05-04 21:58:53,  2014-05-04 22:00:07,  74,  modelParams|sensorParams|encoders|rpos:n_147.modelParams|clParams|alpha_0.025075.modelParams|tpParams|minThreshold_10.modelParams|tpParams|activationThreshold_13.modelParams|tpParams|pamLength_2.modelParams|sensorParams|encoders|_classifierInput|n_151.modelParams|inferenceType_TemporalMultiStep.modelParams|spParams|synPermInactiveDec_0.075075,  5000,  None,  147,  0.025075,  10,  13,  None,  2,  None,  151,  TemporalMultiStep,  0.075075,  0.557193703682,  148.717542965, 
1010,  1971,  completed,  eof,  2014-05-04 21:58:54,  2014-05-04 22:00:18,  84,  modelParams|sensorParams|encoders|rwidth:n_147.modelParams|clParams|alpha_0.025075.modelParams|tpParams|minThreshold_10.modelParams|tpParams|activationThreshold_13.modelParams|tpParams|pamLength_2.modelParams|sensorParams|encoders|_classifierInput|n_151.modelParams|inferenceType_TemporalMultiStep.modelParams|spParams|synPermInactiveDec_0.075075,  5000,  147,  None,  0.025075,  10,  13,  None,  2,  None,  151,  TemporalMultiStep,  0.075075,  0.638997712556,  170.551406349, 
1010,  1972,  completed,  eof,  2014-05-04 22:00:07,  2014-05-04 22:00:43,  36,  modelParams|clParams|alpha_0.075025.modelParams|tpParams|minThreshold_11.modelParams|tpParams|activationThreshold_15.modelParams|tpParams|pamLength_4.modelParams|sensorParams|encoders|lpos:n_396.modelParams|sensorParams|encoders|_classifierInput|n_398.modelParams|inferenceType_NontemporalMultiStep.modelParams|spParams|synPermInactiveDec_0.025225,  5000,  None,  None,  0.075025,  11,  15,  None,  4,  396,  398,  NontemporalMultiStep,  0.025225,  0.607993992764,  162.276372012, 
1010,  1973,  completed,  eof,  2014-05-04 22:00:10,  2014-05-04 22:00:43,  33,  modelParams|clParams|alpha_0.075025.modelParams|tpParams|minThreshold_11.modelParams|tpParams|activationThreshold_15.modelParams|sensorParams|encoders|lwidth:n_396.modelParams|tpParams|pamLength_4.modelParams|sensorParams|encoders|_classifierInput|n_398.modelParams|inferenceType_NontemporalMultiStep.modelParams|spParams|synPermInactiveDec_0.025225,  5000,  None,  None,  0.075025,  11,  15,  396,  4,  None,  398,  NontemporalMultiStep,  0.025225,  0.665637711085,  177.661743562, 
1010,  1974,  completed,  eof,  2014-05-04 22:00:11,  2014-05-04 22:00:48,  37,  modelParams|sensorParams|encoders|rpos:n_396.modelParams|clParams|alpha_0.075025.modelParams|tpParams|minThreshold_11.modelParams|tpParams|activationThreshold_15.modelParams|tpParams|pamLength_4.modelParams|sensorParams|encoders|_classifierInput|n_398.modelParams|inferenceType_NontemporalMultiStep.modelParams|spParams|synPermInactiveDec_0.025225,  5000,  None,  396,  0.075025,  11,  15,  None,  4,  None,  398,  NontemporalMultiStep,  0.025225,  0.617366684852,  164.777986315, 
1010,  1975,  completed,  eof,  2014-05-04 22:00:19,  2014-05-04 22:00:51,  32,  modelParams|sensorParams|encoders|rwidth:n_396.modelParams|clParams|alpha_0.075025.modelParams|tpParams|minThreshold_11.modelParams|tpParams|activationThreshold_15.modelParams|tpParams|pamLength_4.modelParams|sensorParams|encoders|_classifierInput|n_398.modelParams|inferenceType_NontemporalMultiStep.modelParams|spParams|synPermInactiveDec_0.025225,  5000,  396,  None,  0.075025,  11,  15,  None,  4,  None,  398,  NontemporalMultiStep,  0.025225,  0.665798076953,  177.704545944, 
1010,  1976,  completed,  eof,  2014-05-04 22:00:43,  2014-05-04 22:01:00,  17,  modelParams|clParams|alpha_0.0145852851107.modelParams|tpParams|minThreshold_9.modelParams|tpParams|activationThreshold_12.modelParams|tpParams|pamLength_2.modelParams|sensorParams|encoders|lpos:n_93.modelParams|sensorParams|encoders|_classifierInput|n_52.modelParams|inferenceType_NontemporalMultiStep.modelParams|spParams|synPermInactiveDec_0.1,  5000,  None,  None,  0.0145852851107,  9,  12,  None,  2,  93,  52,  NontemporalMultiStep,  0.1,  0.456287221944,  121.785142376, 
1010,  1977,  completed,  eof,  2014-05-04 22:00:44,  2014-05-04 22:01:02,  18,  modelParams|clParams|alpha_0.0145852851107.modelParams|tpParams|minThreshold_9.modelParams|tpParams|activationThreshold_12.modelParams|sensorParams|encoders|lwidth:n_88.modelParams|tpParams|pamLength_2.modelParams|sensorParams|encoders|_classifierInput|n_52.modelParams|inferenceType_NontemporalMultiStep.modelParams|spParams|synPermInactiveDec_0.1,  5000,  None,  None,  0.0145852851107,  9,  12,  88,  2,  None,  52,  NontemporalMultiStep,  0.1,  0.621660759246,  165.924094372, 
1010,  1978,  completed,  eof,  2014-05-04 22:00:48,  2014-05-04 22:01:05,  17,  modelParams|sensorParams|encoders|rpos:n_94.modelParams|clParams|alpha_0.0106252494518.modelParams|tpParams|minThreshold_9.modelParams|tpParams|activationThreshold_13.modelParams|tpParams|pamLength_2.modelParams|sensorParams|encoders|_classifierInput|n_52.modelParams|inferenceType_NontemporalMultiStep.modelParams|spParams|synPermInactiveDec_0.1,  5000,  None,  94,  0.0106252494518,  9,  13,  None,  2,  None,  52,  NontemporalMultiStep,  0.1,  0.470536883767,  125.588442163, 
1010,  1979,  completed,  eof,  2014-05-04 22:00:51,  2014-05-04 22:01:08,  17,  modelParams|sensorParams|encoders|rwidth:n_94.modelParams|clParams|alpha_0.0106252494518.modelParams|tpParams|minThreshold_9.modelParams|tpParams|activationThreshold_13.modelParams|tpParams|pamLength_2.modelParams|sensorParams|encoders|_classifierInput|n_52.modelParams|inferenceType_NontemporalMultiStep.modelParams|spParams|synPermInactiveDec_0.1,  5000,  94,  None,  0.0106252494518,  9,  13,  None,  2,  None,  52,  NontemporalMultiStep,  0.1,  0.585497196758,  156.271874466, 
1010,  1980,  completed,  eof,  2014-05-04 22:01:00,  2014-05-04 22:01:17,  17,  modelParams|clParams|alpha_0.0001.modelParams|tpParams|minThreshold_9.modelParams|tpParams|activationThreshold_12.modelParams|tpParams|pamLength_1.modelParams|sensorParams|encoders|lpos:n_22.modelParams|sensorParams|encoders|_classifierInput|n_53.modelParams|inferenceType_NontemporalMultiStep.modelParams|spParams|synPermInactiveDec_0.095015,  5000,  None,  None,  0.0001,  9,  12,  None,  1,  22,  53,  NontemporalMultiStep,  0.095015,  0.338558169939,  90.3627209918, 
1010,  1981,  completed,  eof,  2014-05-04 22:01:02,  2014-05-04 22:01:17,  15,  modelParams|clParams|alpha_0.0001.modelParams|tpParams|minThreshold_9.modelParams|tpParams|activationThreshold_12.modelParams|sensorParams|encoders|lwidth:n_22.modelParams|tpParams|pamLength_1.modelParams|sensorParams|encoders|_classifierInput|n_28.modelParams|inferenceType_NontemporalMultiStep.modelParams|spParams|synPermInactiveDec_0.095015,  5000,  None,  None,  0.0001,  9,  12,  22,  1,  None,  28,  NontemporalMultiStep,  0.095015,  0.342296771957,  91.3605709363, 
1010,  1982,  completed,  eof,  2014-05-04 22:01:06,  2014-05-04 22:01:21,  15,  modelParams|sensorParams|encoders|rpos:n_22.modelParams|clParams|alpha_0.005095.modelParams|tpParams|minThreshold_9.modelParams|tpParams|activationThreshold_12.modelParams|tpParams|pamLength_1.modelParams|sensorParams|encoders|_classifierInput|n_28.modelParams|inferenceType_NontemporalMultiStep.modelParams|spParams|synPermInactiveDec_0.1,  5000,  None,  22,  0.005095,  9,  12,  None,  1,  None,  28,  NontemporalMultiStep,  0.1,  0.346860378426,  92.5786183346, 
1010,  1983,  completed,  eof,  2014-05-04 22:01:09,  2014-05-04 22:01:24,  15,  modelParams|sensorParams|encoders|rwidth:n_22.modelParams|clParams|alpha_0.005095.modelParams|tpParams|minThreshold_9.modelParams|tpParams|activationThreshold_12.modelParams|tpParams|pamLength_1.modelParams|sensorParams|encoders|_classifierInput|n_28.modelParams|inferenceType_NontemporalMultiStep.modelParams|spParams|synPermInactiveDec_0.095015,  5000,  22,  None,  0.005095,  9,  12,  None,  1,  None,  28,  NontemporalMultiStep,  0.095015,  0.343243729652,  91.6133182676, 
1010,  1984,  completed,  eof,  2014-05-04 22:01:17,  2014-05-04 22:01:36,  19,  modelParams|clParams|alpha_0.0140855702213.modelParams|tpParams|minThreshold_9.modelParams|tpParams|activationThreshold_12.modelParams|tpParams|pamLength_1.modelParams|sensorParams|encoders|lpos:n_141.modelParams|sensorParams|encoders|_classifierInput|n_52.modelParams|inferenceType_NontemporalMultiStep.modelParams|spParams|synPermInactiveDec_0.1,  5000,  None,  None,  0.0140855702213,  9,  12,  None,  1,  141,  52,  NontemporalMultiStep,  0.1,  0.418535926156,  111.709149205, 
1010,  1985,  completed,  eof,  2014-05-04 22:01:18,  2014-05-04 22:01:35,  17,  modelParams|clParams|alpha_0.0140855702213.modelParams|tpParams|minThreshold_9.modelParams|tpParams|activationThreshold_12.modelParams|sensorParams|encoders|lwidth:n_79.modelParams|tpParams|pamLength_2.modelParams|sensorParams|encoders|_classifierInput|n_52.modelParams|inferenceType_NontemporalMultiStep.modelParams|spParams|synPermInactiveDec_0.0957085218097,  5000,  None,  None,  0.0140855702213,  9,  12,  79,  2,  None,  52,  NontemporalMultiStep,  0.0957085218097,  0.61884210185,  165.171781846, 
1010,  1986,  completed,  eof,  2014-05-04 22:01:21,  2014-05-04 22:01:39,  18,  modelParams|sensorParams|encoders|rpos:n_92.modelParams|clParams|alpha_0.0161554989036.modelParams|tpParams|minThreshold_9.modelParams|tpParams|activationThreshold_12.modelParams|tpParams|pamLength_2.modelParams|sensorParams|encoders|_classifierInput|n_52.modelParams|inferenceType_NontemporalMultiStep.modelParams|spParams|synPermInactiveDec_0.1,  5000,  None,  92,  0.0161554989036,  9,  12,  None,  2,  None,  52,  NontemporalMultiStep,  0.1,  0.445039822393,  118.783160094, 
1010,  1987,  completed,  eof,  2014-05-04 22:01:24,  2014-05-04 22:01:42,  18,  modelParams|sensorParams|encoders|rwidth:n_92.modelParams|clParams|alpha_0.0205974739584.modelParams|tpParams|minThreshold_9.modelParams|tpParams|activationThreshold_12.modelParams|tpParams|pamLength_2.modelParams|sensorParams|encoders|_classifierInput|n_52.modelParams|inferenceType_NontemporalMultiStep.modelParams|spParams|synPermInactiveDec_0.0957085218097,  5000,  92,  None,  0.0205974739584,  9,  12,  None,  2,  None,  52,  NontemporalMultiStep,  0.0957085218097,  0.664466260371,  177.349078019, 
1010,  1988,  completed,  eof,  2014-05-04 22:01:35,  2014-05-04 22:01:54,  19,  modelParams|clParams|alpha_0.0001.modelParams|tpParams|minThreshold_9.modelParams|tpParams|activationThreshold_12.modelParams|tpParams|pamLength_1.modelParams|sensorParams|encoders|lpos:n_22.modelParams|sensorParams|encoders|_classifierInput|n_28.modelParams|inferenceType_NontemporalMultiStep.modelParams|spParams|synPermInactiveDec_0.0965093478447,  5000,  None,  None,  0.0001,  9,  12,  None,  1,  22,  28,  NontemporalMultiStep,  0.0965093478447,  0.309413104065,  82.58376987, 
1010,  1989,  completed,  eof,  2014-05-04 22:01:36,  2014-05-04 22:01:52,  16,  modelParams|clParams|alpha_0.0001.modelParams|tpParams|minThreshold_9.modelParams|tpParams|activationThreshold_12.modelParams|sensorParams|encoders|lwidth:n_67.modelParams|tpParams|pamLength_1.modelParams|sensorParams|encoders|_classifierInput|n_28.modelParams|inferenceType_NontemporalMultiStep.modelParams|spParams|synPermInactiveDec_0.1,  5000,  None,  None,  0.0001,  9,  12,  67,  1,  None,  28,  NontemporalMultiStep,  0.1,  0.35178271729,  93.8924130465, 
1010,  1990,  completed,  eof,  2014-05-04 22:01:39,  2014-05-04 22:01:55,  16,  modelParams|sensorParams|encoders|rpos:n_22.modelParams|clParams|alpha_0.0001.modelParams|tpParams|minThreshold_9.modelParams|tpParams|activationThreshold_12.modelParams|tpParams|pamLength_1.modelParams|sensorParams|encoders|_classifierInput|n_28.modelParams|inferenceType_NontemporalMultiStep.modelParams|spParams|synPermInactiveDec_0.0965093478447,  5000,  None,  22,  0.0001,  9,  12,  None,  1,  None,  28,  NontemporalMultiStep,  0.0965093478447,  0.317891156238,  84.8466006952, 
1010,  1991,  completed,  eof,  2014-05-04 22:01:42,  2014-05-04 22:01:58,  16,  modelParams|sensorParams|encoders|rwidth:n_22.modelParams|clParams|alpha_0.00231209978071.modelParams|tpParams|minThreshold_9.modelParams|tpParams|activationThreshold_12.modelParams|tpParams|pamLength_1.modelParams|sensorParams|encoders|_classifierInput|n_28.modelParams|inferenceType_NontemporalMultiStep.modelParams|spParams|synPermInactiveDec_0.0912254782757,  5000,  22,  None,  0.00231209978071,  9,  12,  None,  1,  None,  28,  NontemporalMultiStep,  0.0912254782757,  0.358888097982,  95.7888715878, 
1010,  1992,  completed,  eof,  2014-05-04 22:01:52,  2014-05-04 22:02:10,  18,  modelParams|clParams|alpha_0.00934042766598.modelParams|tpParams|minThreshold_9.modelParams|tpParams|activationThreshold_12.modelParams|tpParams|pamLength_1.modelParams|sensorParams|encoders|lpos:n_118.modelParams|sensorParams|encoders|_classifierInput|n_52.modelParams|inferenceType_NontemporalMultiStep.modelParams|spParams|synPermInactiveDec_0.1,  5000,  None,  None,  0.00934042766598,  9,  12,  None,  1,  118,  52,  NontemporalMultiStep,  0.1,  0.441466159578,  117.829333176, 
1010,  1993,  completed,  eof,  2014-05-04 22:01:54,  2014-05-04 22:02:12,  18,  modelParams|clParams|alpha_0.00934042766598.modelParams|tpParams|minThreshold_9.modelParams|tpParams|activationThreshold_12.modelParams|sensorParams|encoders|lwidth:n_59.modelParams|tpParams|pamLength_2.modelParams|sensorParams|encoders|_classifierInput|n_52.modelParams|inferenceType_NontemporalMultiStep.modelParams|spParams|synPermInactiveDec_0.1,  5000,  None,  None,  0.00934042766598,  9,  12,  59,  2,  None,  52,  NontemporalMultiStep,  0.1,  0.577274101352,  154.077092766, 
1010,  1994,  completed,  eof,  2014-05-04 22:01:55,  2014-05-04 22:02:12,  17,  modelParams|sensorParams|encoders|rpos:n_68.modelParams|clParams|alpha_0.0133903741777.modelParams|tpParams|minThreshold_9.modelParams|tpParams|activationThreshold_12.modelParams|tpParams|pamLength_1.modelParams|sensorParams|encoders|_classifierInput|n_52.modelParams|inferenceType_NontemporalMultiStep.modelParams|spParams|synPermInactiveDec_0.1,  5000,  None,  68,  0.0133903741777,  9,  12,  None,  1,  None,  52,  NontemporalMultiStep,  0.1,  0.481918660162,  128.626290238, 
1010,  1995,  completed,  eof,  2014-05-04 22:01:58,  2014-05-04 22:02:15,  17,  modelParams|sensorParams|encoders|rwidth:n_68.modelParams|clParams|alpha_0.0178323492325.modelParams|tpParams|minThreshold_9.modelParams|tpParams|activationThreshold_12.modelParams|tpParams|pamLength_1.modelParams|sensorParams|encoders|_classifierInput|n_52.modelParams|inferenceType_NontemporalMultiStep.modelParams|spParams|synPermInactiveDec_0.0942141739651,  5000,  68,  None,  0.0178323492325,  9,  12,  None,  1,  None,  52,  NontemporalMultiStep,  0.0942141739651,  0.631605515392,  168.578395183, 
1010,  1996,  completed,  eof,  2014-05-04 22:02:10,  2014-05-04 22:02:26,  16,  modelParams|clParams|alpha_0.0001.modelParams|tpParams|minThreshold_9.modelParams|tpParams|activationThreshold_12.modelParams|tpParams|pamLength_1.modelParams|sensorParams|encoders|lpos:n_22.modelParams|sensorParams|encoders|_classifierInput|n_28.modelParams|inferenceType_NontemporalMultiStep.modelParams|spParams|synPermInactiveDec_0.1,  5000,  None,  None,  0.0001,  9,  12,  None,  1,  22,  28,  NontemporalMultiStep,  0.1,  0.309413104065,  82.58376987, 
1010,  1997,  completed,  eof,  2014-05-04 22:02:12,  2014-05-04 22:02:28,  16,  modelParams|clParams|alpha_0.0001.modelParams|tpParams|minThreshold_9.modelParams|tpParams|activationThreshold_12.modelParams|sensorParams|encoders|lwidth:n_22.modelParams|tpParams|pamLength_1.modelParams|sensorParams|encoders|_classifierInput|n_28.modelParams|inferenceType_NontemporalMultiStep.modelParams|spParams|synPermInactiveDec_0.1,  5000,  None,  None,  0.0001,  9,  12,  22,  1,  None,  28,  NontemporalMultiStep,  0.1,  0.342314991837,  91.3654339054, 
1010,  1998,  completed,  eof,  2014-05-04 22:02:12,  2014-05-04 22:02:28,  16,  modelParams|sensorParams|encoders|rpos:n_22.modelParams|clParams|alpha_0.0001.modelParams|tpParams|minThreshold_9.modelParams|tpParams|activationThreshold_12.modelParams|tpParams|pamLength_1.modelParams|sensorParams|encoders|_classifierInput|n_28.modelParams|inferenceType_NontemporalMultiStep.modelParams|spParams|synPermInactiveDec_0.1,  5000,  None,  22,  0.0001,  9,  12,  None,  1,  None,  28,  NontemporalMultiStep,  0.1,  0.317891156238,  84.8466006952, 
1010,  1999,  completed,  eof,  2014-05-04 22:02:15,  2014-05-04 22:02:31,  16,  modelParams|sensorParams|encoders|rwidth:n_22.modelParams|clParams|alpha_0.0001.modelParams|tpParams|minThreshold_9.modelParams|tpParams|activationThreshold_12.modelParams|tpParams|pamLength_1.modelParams|sensorParams|encoders|_classifierInput|n_28.modelParams|inferenceType_NontemporalMultiStep.modelParams|spParams|synPermInactiveDec_0.1,  5000,  22,  None,  0.0001,  9,  12,  None,  1,  None,  28,  NontemporalMultiStep,  0.1,  0.34456281012,  91.9653868658, 
1010,  2000,  completed,  eof,  2014-05-04 22:02:26,  2014-05-04 22:02:41,  15,  modelParams|clParams|alpha_0.0001.modelParams|tpParams|minThreshold_9.modelParams|tpParams|activationThreshold_12.modelParams|tpParams|pamLength_1.modelParams|sensorParams|encoders|lpos:n_22.modelParams|sensorParams|encoders|_classifierInput|n_28.modelParams|inferenceType_NontemporalMultiStep.modelParams|spParams|synPermInactiveDec_0.0964488102081,  5000,  None,  None,  0.0001,  9,  12,  None,  1,  22,  28,  NontemporalMultiStep,  0.0964488102081,  0.309413104065,  82.58376987, 
1010,  2001,  completed,  eof,  2014-05-04 22:02:28,  2014-05-04 22:02:44,  16,  modelParams|clParams|alpha_0.0001.modelParams|tpParams|minThreshold_9.modelParams|tpParams|activationThreshold_12.modelParams|sensorParams|encoders|lwidth:n_22.modelParams|tpParams|pamLength_1.modelParams|sensorParams|encoders|_classifierInput|n_28.modelParams|inferenceType_NontemporalMultiStep.modelParams|spParams|synPermInactiveDec_0.09376875,  5000,  None,  None,  0.0001,  9,  12,  22,  1,  None,  28,  NontemporalMultiStep,  0.09376875,  0.342296771957,  91.3605709363, 
1010,  2002,  completed,  eof,  2014-05-04 22:02:28,  2014-05-04 22:02:44,  16,  modelParams|sensorParams|encoders|rpos:n_22.modelParams|clParams|alpha_0.000765397800653.modelParams|tpParams|minThreshold_9.modelParams|tpParams|activationThreshold_12.modelParams|tpParams|pamLength_1.modelParams|sensorParams|encoders|_classifierInput|n_28.modelParams|inferenceType_NontemporalMultiStep.modelParams|spParams|synPermInactiveDec_0.0975463200703,  5000,  None,  22,  0.000765397800653,  9,  12,  None,  1,  None,  28,  NontemporalMultiStep,  0.0975463200703,  0.320285286064,  85.4856048743, 
1010,  2003,  completed,  eof,  2014-05-04 22:02:31,  2014-05-04 22:02:46,  15,  modelParams|sensorParams|encoders|rwidth:n_22.modelParams|clParams|alpha_0.00634375.modelParams|tpParams|minThreshold_9.modelParams|tpParams|activationThreshold_12.modelParams|tpParams|pamLength_1.modelParams|sensorParams|encoders|_classifierInput|n_28.modelParams|inferenceType_NontemporalMultiStep.modelParams|spParams|synPermInactiveDec_0.09376875,  5000,  22,  None,  0.00634375,  9,  12,  None,  1,  None,  28,  NontemporalMultiStep,  0.09376875,  0.372790190871,  99.4994036395, 
1010,  2004,  completed,  eof,  2014-05-04 22:02:42,  2014-05-04 22:03:03,  21,  modelParams|clParams|alpha_0.0161467457786.modelParams|tpParams|minThreshold_9.modelParams|tpParams|activationThreshold_13.modelParams|tpParams|pamLength_2.modelParams|sensorParams|encoders|lpos:n_110.modelParams|sensorParams|encoders|_classifierInput|n_95.modelParams|inferenceType_NontemporalMultiStep.modelParams|spParams|synPermInactiveDec_0.0839020192467,  5000,  None,  None,  0.0161467457786,  9,  13,  None,  2,  110,  95,  NontemporalMultiStep,  0.0839020192467,  0.527728087971,  140.853035629, 
1010,  2005,  completed,  eof,  2014-05-04 22:02:44,  2014-05-04 22:03:05,  21,  modelParams|clParams|alpha_0.0161467457786.modelParams|tpParams|minThreshold_9.modelParams|tpParams|activationThreshold_13.modelParams|sensorParams|encoders|lwidth:n_100.modelParams|tpParams|pamLength_2.modelParams|sensorParams|encoders|_classifierInput|n_95.modelParams|inferenceType_NontemporalMultiStep.modelParams|spParams|synPermInactiveDec_0.0811236742964,  5000,  None,  None,  0.0161467457786,  9,  13,  100,  2,  None,  95,  NontemporalMultiStep,  0.0811236742964,  0.667818808449,  178.243888404, 
1010,  2006,  completed,  eof,  2014-05-04 22:02:44,  2014-05-04 22:03:06,  22,  modelParams|sensorParams|encoders|rpos:n_102.modelParams|clParams|alpha_0.0167446952349.modelParams|tpParams|minThreshold_9.modelParams|tpParams|activationThreshold_13.modelParams|tpParams|pamLength_2.modelParams|sensorParams|encoders|_classifierInput|n_95.modelParams|inferenceType_NontemporalMultiStep.modelParams|spParams|synPermInactiveDec_0.0839020192467,  5000,  None,  102,  0.0167446952349,  9,  13,  None,  2,  None,  95,  NontemporalMultiStep,  0.0839020192467,  0.56681702483,  151.286051308, 
1010,  2007,  completed,  eof,  2014-05-04 22:02:46,  2014-05-04 22:03:03,  17,  modelParams|sensorParams|encoders|rwidth:n_41.modelParams|clParams|alpha_0.00502504328885.modelParams|tpParams|minThreshold_9.modelParams|tpParams|activationThreshold_13.modelParams|tpParams|pamLength_1.modelParams|sensorParams|encoders|_classifierInput|n_28.modelParams|inferenceType_NontemporalMultiStep.modelParams|spParams|synPermInactiveDec_0.0978467662067,  5000,  41,  None,  0.00502504328885,  9,  13,  None,  1,  None,  28,  NontemporalMultiStep,  0.0978467662067,  0.392480883773,  104.754939458, 
1010,  2008,  completed,  eof,  2014-05-04 22:03:03,  2014-05-04 22:03:23,  20,  modelParams|clParams|alpha_0.00955932154175.modelParams|tpParams|minThreshold_9.modelParams|tpParams|activationThreshold_12.modelParams|tpParams|pamLength_1.modelParams|sensorParams|encoders|lpos:n_69.modelParams|sensorParams|encoders|_classifierInput|n_83.modelParams|inferenceType_NontemporalMultiStep.modelParams|spParams|synPermInactiveDec_0.0873326775702,  5000,  None,  None,  0.00955932154175,  9,  12,  None,  1,  69,  83,  NontemporalMultiStep,  0.0873326775702,  0.427284517651,  114.04418821, 
1010,  2009,  completed,  eof,  2014-05-04 22:03:03,  2014-05-04 22:03:24,  21,  modelParams|clParams|alpha_0.00955932154175.modelParams|tpParams|minThreshold_9.modelParams|tpParams|activationThreshold_12.modelParams|sensorParams|encoders|lwidth:n_96.modelParams|tpParams|pamLength_1.modelParams|sensorParams|encoders|_classifierInput|n_83.modelParams|inferenceType_NontemporalMultiStep.modelParams|spParams|synPermInactiveDec_0.0929387952935,  5000,  None,  None,  0.00955932154175,  9,  12,  96,  1,  None,  83,  NontemporalMultiStep,  0.0929387952935,  0.631328160703,  168.50436795, 
1010,  2010,  completed,  eof,  2014-05-04 22:03:05,  2014-05-04 22:03:25,  20,  modelParams|sensorParams|encoders|rpos:n_69.modelParams|clParams|alpha_0.0103018282278.modelParams|tpParams|minThreshold_9.modelParams|tpParams|activationThreshold_12.modelParams|tpParams|pamLength_1.modelParams|sensorParams|encoders|_classifierInput|n_83.modelParams|inferenceType_NontemporalMultiStep.modelParams|spParams|synPermInactiveDec_0.0873326775702,  5000,  None,  69,  0.0103018282278,  9,  12,  None,  1,  None,  83,  NontemporalMultiStep,  0.0873326775702,  0.516667162582,  137.900824152, 
1010,  2011,  completed,  eof,  2014-05-04 22:03:06,  2014-05-04 22:03:22,  16,  modelParams|sensorParams|encoders|rwidth:n_22.modelParams|clParams|alpha_0.0001.modelParams|tpParams|minThreshold_9.modelParams|tpParams|activationThreshold_12.modelParams|tpParams|pamLength_1.modelParams|sensorParams|encoders|_classifierInput|n_28.modelParams|inferenceType_NontemporalMultiStep.modelParams|spParams|synPermInactiveDec_0.0992798157022,  5000,  22,  None,  0.0001,  9,  12,  None,  1,  None,  28,  NontemporalMultiStep,  0.0992798157022,  0.34456281012,  91.9653868658, 
1010,  2012,  completed,  eof,  2014-05-04 22:03:22,  2014-05-04 22:03:43,  21,  modelParams|clParams|alpha_0.0149391347666.modelParams|tpParams|minThreshold_9.modelParams|tpParams|activationThreshold_13.modelParams|tpParams|pamLength_2.modelParams|sensorParams|encoders|lpos:n_105.modelParams|sensorParams|encoders|_classifierInput|n_95.modelParams|inferenceType_NontemporalMultiStep.modelParams|spParams|synPermInactiveDec_0.0839020192467,  5000,  None,  None,  0.0149391347666,  9,  13,  None,  2,  105,  95,  NontemporalMultiStep,  0.0839020192467,  0.476555724144,  127.194898134, 
1010,  2013,  completed,  eof,  2014-05-04 22:03:23,  2014-05-04 22:03:44,  21,  modelParams|clParams|alpha_0.0149391347666.modelParams|tpParams|minThreshold_9.modelParams|tpParams|activationThreshold_13.modelParams|sensorParams|encoders|lwidth:n_94.modelParams|tpParams|pamLength_2.modelParams|sensorParams|encoders|_classifierInput|n_95.modelParams|inferenceType_NontemporalMultiStep.modelParams|spParams|synPermInactiveDec_0.0823456702935,  5000,  None,  None,  0.0149391347666,  9,  13,  94,  2,  None,  95,  NontemporalMultiStep,  0.0823456702935,  0.654695471744,  174.741209933, 
1010,  2014,  completed,  eof,  2014-05-04 22:03:24,  2014-05-04 22:03:44,  20,  modelParams|sensorParams|encoders|rpos:n_96.modelParams|clParams|alpha_0.0160287309784.modelParams|tpParams|minThreshold_9.modelParams|tpParams|activationThreshold_13.modelParams|tpParams|pamLength_2.modelParams|sensorParams|encoders|_classifierInput|n_95.modelParams|inferenceType_NontemporalMultiStep.modelParams|spParams|synPermInactiveDec_0.0839020192467,  5000,  None,  96,  0.0160287309784,  9,  13,  None,  2,  None,  95,  NontemporalMultiStep,  0.0839020192467,  0.533935146449,  142.50972787, 
1010,  2015,  completed,  eof,  2014-05-04 22:03:25,  2014-05-04 22:03:46,  21,  modelParams|sensorParams|encoders|rwidth:n_96.modelParams|clParams|alpha_0.0227921183887.modelParams|tpParams|minThreshold_9.modelParams|tpParams|activationThreshold_13.modelParams|tpParams|pamLength_2.modelParams|sensorParams|encoders|_classifierInput|n_95.modelParams|inferenceType_NontemporalMultiStep.modelParams|spParams|synPermInactiveDec_0.0806981595895,  5000,  96,  None,  0.0227921183887,  9,  13,  None,  2,  None,  95,  NontemporalMultiStep,  0.0806981595895,  0.678229720163,  181.022608264, 
1010,  2016,  completed,  killed,  2014-05-04 22:03:43,  2014-05-04 22:03:44,  1,  modelParams|clParams|alpha_0.0001.modelParams|tpParams|minThreshold_9.modelParams|tpParams|activationThreshold_12.modelParams|sensorParams|encoders|lwidth:n_22.modelParams|tpParams|pamLength_1.modelParams|sensorParams|encoders|_classifierInput|n_28.modelParams|inferenceType_NontemporalMultiStep.modelParams|spParams|synPermInactiveDec_0.0970091440194,  350,  None,  None,  0.0001,  9,  12,  22,  1,  None,  28,  NontemporalMultiStep,  0.0970091440194,  0.330516488125,  105.407718864, 
1010,  2017,  completed,  killed,  2014-05-04 22:03:44,  2014-05-04 22:03:45,  1,  modelParams|sensorParams|encoders|rpos:n_22.modelParams|clParams|alpha_0.0001.modelParams|tpParams|minThreshold_9.modelParams|tpParams|activationThreshold_12.modelParams|tpParams|pamLength_1.modelParams|sensorParams|encoders|_classifierInput|n_28.modelParams|inferenceType_NontemporalMultiStep.modelParams|spParams|synPermInactiveDec_0.0989890685685,  50,  None,  22,  0.0001,  9,  12,  None,  1,  None,  28,  NontemporalMultiStep,  0.0989890685685,  0.020111368558,  9.40277003212, 
1010,  2018,  completed,  killed,  2014-05-04 22:03:44,  2014-05-04 22:03:46,  2,  modelParams|sensorParams|encoders|rwidth:n_22.modelParams|clParams|alpha_0.000848437148973.modelParams|tpParams|minThreshold_9.modelParams|tpParams|activationThreshold_12.modelParams|tpParams|pamLength_1.modelParams|sensorParams|encoders|_classifierInput|n_28.modelParams|inferenceType_NontemporalMultiStep.modelParams|spParams|synPermInactiveDec_0.0970091440194,  600,  22,  None,  0.000848437148973,  9,  12,  None,  1,  None,  28,  NontemporalMultiStep,  0.0970091440194,  0.244347024871,  105.684845732, 
1010,  2019,  completed,  killed,  2014-05-04 22:03:44,  2014-05-04 22:03:46,  2,  modelParams|sensorParams|encoders|rwidth:n_22.modelParams|clParams|alpha_0.00526134945016.modelParams|tpParams|minThreshold_9.modelParams|tpParams|activationThreshold_12.modelParams|tpParams|pamLength_1.modelParams|sensorParams|encoders|_classifierInput|n_28.modelParams|inferenceType_NontemporalMultiStep.modelParams|spParams|synPermInactiveDec_0.0950521850344,  500,  22,  None,  0.00526134945016,  9,  12,  None,  1,  None,  28,  NontemporalMultiStep,  0.0950521850344,  0.24369610224,  114.437133122, 
1010,  2020,  completed,  killed,  2014-05-04 22:03:45,  2014-05-04 22:03:46,  1,  modelParams|sensorParams|encoders|rwidth:n_22.modelParams|clParams|alpha_0.00119414702604.modelParams|tpParams|minThreshold_9.modelParams|tpParams|activationThreshold_12.modelParams|tpParams|pamLength_1.modelParams|sensorParams|encoders|_classifierInput|n_28.modelParams|inferenceType_NontemporalMultiStep.modelParams|spParams|synPermInactiveDec_0.0953797860249,  450,  22,  None,  0.00119414702604,  9,  12,  None,  1,  None,  28,  NontemporalMultiStep,  0.0953797860249,  0.260850724864,  112.055446725, 
1010,  2021,  completed,  eof,  2014-05-04 22:03:46,  2014-05-04 22:04:16,  30,  modelParams|clParams|alpha_0.05005.modelParams|tpParams|minThreshold_11.modelParams|tpParams|activationThreshold_14.modelParams|sensorParams|encoders|lwidth:n_272.modelParams|tpParams|pamLength_3.modelParams|sensorParams|encoders|lpos:n_47.modelParams|sensorParams|encoders|_classifierInput|n_275.modelParams|inferenceType_NontemporalMultiStep.modelParams|spParams|synPermInactiveDec_0.05015,  5000,  None,  None,  0.05005,  11,  14,  272,  3,  47,  275,  NontemporalMultiStep,  0.05015,  0.683239193255,  182.359659499, 
1010,  2041,  completed,  eof,  2014-05-04 22:03:46,  2014-05-04 22:04:18,  32,  modelParams|sensorParams|encoders|rpos:n_272.modelParams|clParams|alpha_0.05005.modelParams|tpParams|minThreshold_11.modelParams|tpParams|activationThreshold_14.modelParams|tpParams|pamLength_3.modelParams|sensorParams|encoders|lpos:n_47.modelParams|sensorParams|encoders|_classifierInput|n_275.modelParams|inferenceType_NontemporalMultiStep.modelParams|spParams|synPermInactiveDec_0.05015,  5000,  None,  272,  0.05005,  11,  14,  None,  3,  47,  275,  NontemporalMultiStep,  0.05015,  0.520599157053,  138.950291425, 
1010,  2050,  completed,  eof,  2014-05-04 22:03:47,  2014-05-04 22:04:04,  17,  modelParams|clParams|alpha_0.0001.modelParams|tpParams|minThreshold_9.modelParams|tpParams|activationThreshold_12.modelParams|sensorParams|encoders|lwidth:n_22.modelParams|tpParams|pamLength_1.modelParams|sensorParams|encoders|lpos:n_47.modelParams|sensorParams|encoders|_classifierInput|n_28.modelParams|inferenceType_NontemporalMultiStep.modelParams|spParams|synPermInactiveDec_0.1,  5000,  None,  None,  0.0001,  9,  12,  22,  1,  47,  28,  NontemporalMultiStep,  0.1,  0.359190930405,  95.8696989438, 
1010,  2054,  completed,  eof,  2014-05-04 22:03:47,  2014-05-04 22:04:05,  18,  modelParams|sensorParams|encoders|rpos:n_22.modelParams|clParams|alpha_0.0001.modelParams|tpParams|minThreshold_9.modelParams|tpParams|activationThreshold_12.modelParams|tpParams|pamLength_1.modelParams|sensorParams|encoders|lpos:n_47.modelParams|sensorParams|encoders|_classifierInput|n_28.modelParams|inferenceType_NontemporalMultiStep.modelParams|spParams|synPermInactiveDec_0.1,  5000,  None,  22,  0.0001,  9,  12,  None,  1,  47,  28,  NontemporalMultiStep,  0.1,  0.35508726632,  94.7744122673, 
1010,  2055,  completed,  eof,  2014-05-04 22:04:04,  2014-05-04 22:04:51,  47,  modelParams|clParams|alpha_0.1.modelParams|tpParams|minThreshold_12.modelParams|tpParams|activationThreshold_16.modelParams|sensorParams|encoders|lwidth:n_521.modelParams|tpParams|pamLength_5.modelParams|sensorParams|encoders|lpos:n_22.modelParams|sensorParams|encoders|_classifierInput|n_521.modelParams|inferenceType_NontemporalMultiStep.modelParams|spParams|synPermInactiveDec_0.0003,  5000,  None,  None,  0.1,  12,  16,  521,  5,  22,  521,  NontemporalMultiStep,  0.0003,  0.699863325252,  186.796716214, 
1010,  2056,  completed,  eof,  2014-05-04 22:04:05,  2014-05-04 22:04:51,  46,  modelParams|sensorParams|encoders|rpos:n_521.modelParams|clParams|alpha_0.1.modelParams|tpParams|minThreshold_12.modelParams|tpParams|activationThreshold_16.modelParams|tpParams|pamLength_5.modelParams|sensorParams|encoders|lpos:n_22.modelParams|sensorParams|encoders|_classifierInput|n_521.modelParams|inferenceType_NontemporalMultiStep.modelParams|spParams|synPermInactiveDec_0.0003,  5000,  None,  521,  0.1,  12,  16,  None,  5,  22,  521,  NontemporalMultiStep,  0.0003,  0.522433420326,  139.439864665, 
1010,  2057,  completed,  eof,  2014-05-04 22:04:16,  2014-05-04 22:04:42,  26,  modelParams|clParams|alpha_0.025075.modelParams|tpParams|minThreshold_10.modelParams|tpParams|activationThreshold_13.modelParams|sensorParams|encoders|lwidth:n_147.modelParams|tpParams|pamLength_2.modelParams|sensorParams|encoders|lpos:n_22.modelParams|sensorParams|encoders|_classifierInput|n_151.modelParams|inferenceType_NontemporalMultiStep.modelParams|spParams|synPermInactiveDec_0.075075,  5000,  None,  None,  0.025075,  10,  13,  147,  2,  22,  151,  NontemporalMultiStep,  0.075075,  0.707702707673,  188.889083168, 
1010,  2058,  completed,  eof,  2014-05-04 22:04:18,  2014-05-04 22:04:44,  26,  modelParams|sensorParams|encoders|rpos:n_147.modelParams|clParams|alpha_0.025075.modelParams|tpParams|minThreshold_10.modelParams|tpParams|activationThreshold_13.modelParams|tpParams|pamLength_2.modelParams|sensorParams|encoders|lpos:n_22.modelParams|sensorParams|encoders|_classifierInput|n_151.modelParams|inferenceType_NontemporalMultiStep.modelParams|spParams|synPermInactiveDec_0.075075,  5000,  None,  147,  0.025075,  10,  13,  None,  2,  22,  151,  NontemporalMultiStep,  0.075075,  0.498906841193,  133.160513302, 
1010,  2059,  completed,  eof,  2014-05-04 22:04:42,  2014-05-04 22:05:19,  37,  modelParams|clParams|alpha_0.075025.modelParams|tpParams|minThreshold_11.modelParams|tpParams|activationThreshold_15.modelParams|sensorParams|encoders|lwidth:n_396.modelParams|tpParams|pamLength_4.modelParams|sensorParams|encoders|lpos:n_68.modelParams|sensorParams|encoders|_classifierInput|n_398.modelParams|inferenceType_NontemporalMultiStep.modelParams|spParams|synPermInactiveDec_0.025225,  5000,  None,  None,  0.075025,  11,  15,  396,  4,  68,  398,  NontemporalMultiStep,  0.025225,  0.658590772564,  175.780883503, 
1010,  2060,  completed,  eof,  2014-05-04 22:04:45,  2014-05-04 22:05:22,  37,  modelParams|sensorParams|encoders|rpos:n_396.modelParams|clParams|alpha_0.075025.modelParams|tpParams|minThreshold_11.modelParams|tpParams|activationThreshold_15.modelParams|tpParams|pamLength_4.modelParams|sensorParams|encoders|lpos:n_68.modelParams|sensorParams|encoders|_classifierInput|n_398.modelParams|inferenceType_NontemporalMultiStep.modelParams|spParams|synPermInactiveDec_0.025225,  5000,  None,  396,  0.075025,  11,  15,  None,  4,  68,  398,  NontemporalMultiStep,  0.025225,  0.584588474363,  156.029332311, 
1010,  2061,  completed,  eof,  2014-05-04 22:04:51,  2014-05-04 22:06:14,  83,  modelParams|clParams|alpha_0.0145852851107.modelParams|tpParams|minThreshold_9.modelParams|tpParams|activationThreshold_12.modelParams|sensorParams|encoders|lwidth:n_88.modelParams|tpParams|pamLength_2.modelParams|sensorParams|encoders|lpos:n_53.modelParams|sensorParams|encoders|_classifierInput|n_82.modelParams|inferenceType_TemporalMultiStep.modelParams|spParams|synPermInactiveDec_0.0994105860035,  5000,  None,  None,  0.0145852851107,  9,  12,  88,  2,  53,  82,  TemporalMultiStep,  0.0994105860035,  0.56467495922,  150.714324219, 
1010,  2062,  completed,  eof,  2014-05-04 22:04:51,  2014-05-04 22:06:02,  71,  modelParams|sensorParams|encoders|rpos:n_94.modelParams|clParams|alpha_0.0106252494518.modelParams|tpParams|minThreshold_9.modelParams|tpParams|activationThreshold_13.modelParams|tpParams|pamLength_2.modelParams|sensorParams|encoders|lpos:n_53.modelParams|sensorParams|encoders|_classifierInput|n_82.modelParams|inferenceType_TemporalMultiStep.modelParams|spParams|synPermInactiveDec_0.0994105860035,  5000,  None,  94,  0.0106252494518,  9,  13,  None,  2,  53,  82,  TemporalMultiStep,  0.0994105860035,  0.429419628493,  114.61405904, 
1010,  2063,  completed,  eof,  2014-05-04 22:05:19,  2014-05-04 22:06:26,  67,  modelParams|clParams|alpha_0.0001.modelParams|tpParams|minThreshold_9.modelParams|tpParams|activationThreshold_12.modelParams|sensorParams|encoders|lwidth:n_22.modelParams|tpParams|pamLength_1.modelParams|sensorParams|encoders|lpos:n_53.modelParams|sensorParams|encoders|_classifierInput|n_53.modelParams|inferenceType_TemporalMultiStep.modelParams|spParams|synPermInactiveDec_0.095015,  5000,  None,  None,  0.0001,  9,  12,  22,  1,  53,  53,  TemporalMultiStep,  0.095015,  0.347066146923,  92.6335388858, 
1010,  2064,  completed,  eof,  2014-05-04 22:05:22,  2014-05-04 22:06:25,  63,  modelParams|sensorParams|encoders|rpos:n_22.modelParams|clParams|alpha_0.005095.modelParams|tpParams|minThreshold_9.modelParams|tpParams|activationThreshold_12.modelParams|tpParams|pamLength_1.modelParams|sensorParams|encoders|lpos:n_53.modelParams|sensorParams|encoders|_classifierInput|n_53.modelParams|inferenceType_TemporalMultiStep.modelParams|spParams|synPermInactiveDec_0.095015,  5000,  None,  22,  0.005095,  9,  12,  None,  1,  53,  53,  TemporalMultiStep,  0.095015,  0.357770262853,  95.4905162891, 
1010,  2065,  completed,  eof,  2014-05-04 22:06:02,  2014-05-04 22:07:25,  83,  modelParams|clParams|alpha_0.0140855702213.modelParams|tpParams|minThreshold_9.modelParams|tpParams|activationThreshold_12.modelParams|sensorParams|encoders|lwidth:n_79.modelParams|tpParams|pamLength_2.modelParams|sensorParams|encoders|lpos:n_47.modelParams|sensorParams|encoders|_classifierInput|n_63.modelParams|inferenceType_TemporalMultiStep.modelParams|spParams|synPermInactiveDec_0.083866172007,  5000,  None,  None,  0.0140855702213,  9,  12,  79,  2,  47,  63,  TemporalMultiStep,  0.083866172007,  0.559102599702,  149.227036027, 
1010,  2066,  completed,  eof,  2014-05-04 22:06:14,  2014-05-04 22:07:25,  71,  modelParams|sensorParams|encoders|rpos:n_92.modelParams|clParams|alpha_0.0161554989036.modelParams|tpParams|minThreshold_9.modelParams|tpParams|activationThreshold_12.modelParams|tpParams|pamLength_2.modelParams|sensorParams|encoders|lpos:n_47.modelParams|sensorParams|encoders|_classifierInput|n_63.modelParams|inferenceType_TemporalMultiStep.modelParams|spParams|synPermInactiveDec_0.083866172007,  5000,  None,  92,  0.0161554989036,  9,  12,  None,  2,  47,  63,  TemporalMultiStep,  0.083866172007,  0.374264335964,  99.8928596939, 
1010,  2067,  completed,  eof,  2014-05-04 22:06:25,  2014-05-04 22:07:43,  78,  modelParams|clParams|alpha_0.0001.modelParams|tpParams|minThreshold_9.modelParams|tpParams|activationThreshold_12.modelParams|sensorParams|encoders|lwidth:n_67.modelParams|tpParams|pamLength_1.modelParams|sensorParams|encoders|lpos:n_47.modelParams|sensorParams|encoders|_classifierInput|n_68.modelParams|inferenceType_TemporalMultiStep.modelParams|spParams|synPermInactiveDec_0.1,  5000,  None,  None,  0.0001,  9,  12,  67,  1,  47,  68,  TemporalMultiStep,  0.1,  0.337247184948,  90.0128131133, 
1010,  2068,  completed,  eof,  2014-05-04 22:06:26,  2014-05-04 22:07:30,  64,  modelParams|sensorParams|encoders|rpos:n_22.modelParams|clParams|alpha_0.0001.modelParams|tpParams|minThreshold_9.modelParams|tpParams|activationThreshold_12.modelParams|tpParams|pamLength_1.modelParams|sensorParams|encoders|lpos:n_47.modelParams|sensorParams|encoders|_classifierInput|n_68.modelParams|inferenceType_TemporalMultiStep.modelParams|spParams|synPermInactiveDec_0.1,  5000,  None,  22,  0.0001,  9,  12,  None,  1,  47,  68,  TemporalMultiStep,  0.1,  0.34017417654,  90.7940405304, 
1010,  2069,  completed,  eof,  2014-05-04 22:07:25,  2014-05-04 22:08:50,  85,  modelParams|clParams|alpha_0.00934042766598.modelParams|tpParams|minThreshold_9.modelParams|tpParams|activationThreshold_12.modelParams|sensorParams|encoders|lwidth:n_59.modelParams|tpParams|pamLength_2.modelParams|sensorParams|encoders|lpos:n_65.modelParams|sensorParams|encoders|_classifierInput|n_70.modelParams|inferenceType_TemporalMultiStep.modelParams|spParams|synPermInactiveDec_0.0822258204049,  5000,  None,  None,  0.00934042766598,  9,  12,  59,  2,  65,  70,  TemporalMultiStep,  0.0822258204049,  0.507550928225,  135.467659589, 
1010,  2070,  completed,  eof,  2014-05-04 22:07:25,  2014-05-04 22:08:25,  60,  modelParams|sensorParams|encoders|rpos:n_68.modelParams|clParams|alpha_0.0133903741777.modelParams|tpParams|minThreshold_9.modelParams|tpParams|activationThreshold_12.modelParams|tpParams|pamLength_1.modelParams|sensorParams|encoders|lpos:n_59.modelParams|sensorParams|encoders|_classifierInput|n_48.modelParams|inferenceType_TemporalMultiStep.modelParams|spParams|synPermInactiveDec_0.0866533790052,  5000,  None,  68,  0.0133903741777,  9,  12,  None,  1,  59,  48,  TemporalMultiStep,  0.0866533790052,  0.378702854976,  101.077520679, 
1010,  2071,  completed,  eof,  2014-05-04 22:07:30,  2014-05-04 22:08:30,  60,  modelParams|clParams|alpha_0.0001.modelParams|tpParams|minThreshold_9.modelParams|tpParams|activationThreshold_12.modelParams|sensorParams|encoders|lwidth:n_22.modelParams|tpParams|pamLength_1.modelParams|sensorParams|encoders|lpos:n_55.modelParams|sensorParams|encoders|_classifierInput|n_28.modelParams|inferenceType_TemporalMultiStep.modelParams|spParams|synPermInactiveDec_0.1,  5000,  None,  None,  0.0001,  9,  12,  22,  1,  55,  28,  TemporalMultiStep,  0.1,  0.349978782721,  93.4109346758, 
1010,  2072,  completed,  eof,  2014-05-04 22:07:43,  2014-05-04 22:08:43,  60,  modelParams|sensorParams|encoders|rpos:n_22.modelParams|clParams|alpha_0.0001.modelParams|tpParams|minThreshold_9.modelParams|tpParams|activationThreshold_12.modelParams|tpParams|pamLength_1.modelParams|sensorParams|encoders|lpos:n_49.modelParams|sensorParams|encoders|_classifierInput|n_28.modelParams|inferenceType_TemporalMultiStep.modelParams|spParams|synPermInactiveDec_0.1,  5000,  None,  22,  0.0001,  9,  12,  None,  1,  49,  28,  TemporalMultiStep,  0.1,  0.344857000303,  92.0439075685, 
1010,  2073,  completed,  eof,  2014-05-04 22:08:25,  2014-05-04 22:09:45,  80,  modelParams|clParams|alpha_0.0001.modelParams|tpParams|minThreshold_9.modelParams|tpParams|activationThreshold_12.modelParams|sensorParams|encoders|lwidth:n_53.modelParams|tpParams|pamLength_1.modelParams|sensorParams|encoders|lpos:n_49.modelParams|sensorParams|encoders|_classifierInput|n_72.modelParams|inferenceType_TemporalMultiStep.modelParams|spParams|synPermInactiveDec_0.0981963086003,  5000,  None,  None,  0.0001,  9,  12,  53,  1,  49,  72,  TemporalMultiStep,  0.0981963086003,  0.339977805897,  90.7416283094, 
1010,  2074,  completed,  eof,  2014-05-04 22:08:31,  2014-05-04 22:09:33,  62,  modelParams|sensorParams|encoders|rpos:n_22.modelParams|clParams|alpha_0.000765397800653.modelParams|tpParams|minThreshold_9.modelParams|tpParams|activationThreshold_12.modelParams|tpParams|pamLength_1.modelParams|sensorParams|encoders|lpos:n_47.modelParams|sensorParams|encoders|_classifierInput|n_67.modelParams|inferenceType_TemporalMultiStep.modelParams|spParams|synPermInactiveDec_0.0994649619284,  5000,  None,  22,  0.000765397800653,  9,  12,  None,  1,  47,  67,  TemporalMultiStep,  0.0994649619284,  0.359479773391,  95.9467924552, 
1010,  2075,  completed,  eof,  2014-05-04 22:08:43,  2014-05-04 22:09:43,  60,  modelParams|clParams|alpha_0.0001.modelParams|tpParams|minThreshold_9.modelParams|tpParams|activationThreshold_12.modelParams|sensorParams|encoders|lwidth:n_22.modelParams|tpParams|pamLength_1.modelParams|sensorParams|encoders|lpos:n_53.modelParams|sensorParams|encoders|_classifierInput|n_28.modelParams|inferenceType_TemporalMultiStep.modelParams|spParams|synPermInactiveDec_0.1,  5000,  None,  None,  0.0001,  9,  12,  22,  1,  53,  28,  TemporalMultiStep,  0.1,  0.35970840715,  96.0078158491, 
1010,  2076,  completed,  eof,  2014-05-04 22:08:51,  2014-05-04 22:09:51,  60,  modelParams|sensorParams|encoders|rpos:n_22.modelParams|clParams|alpha_0.0001.modelParams|tpParams|minThreshold_9.modelParams|tpParams|activationThreshold_12.modelParams|tpParams|pamLength_1.modelParams|sensorParams|encoders|lpos:n_53.modelParams|sensorParams|encoders|_classifierInput|n_28.modelParams|inferenceType_TemporalMultiStep.modelParams|spParams|synPermInactiveDec_0.1,  5000,  None,  22,  0.0001,  9,  12,  None,  1,  53,  28,  TemporalMultiStep,  0.1,  0.353624662252,  94.3840365649, 
1010,  2077,  completed,  eof,  2014-05-04 22:09:33,  2014-05-04 22:10:48,  75,  modelParams|clParams|alpha_0.0001.modelParams|tpParams|minThreshold_9.modelParams|tpParams|activationThreshold_12.modelParams|sensorParams|encoders|lwidth:n_48.modelParams|tpParams|pamLength_1.modelParams|sensorParams|encoders|lpos:n_53.modelParams|sensorParams|encoders|_classifierInput|n_47.modelParams|inferenceType_TemporalMultiStep.modelParams|spParams|synPermInactiveDec_0.1,  5000,  None,  None,  0.0001,  9,  12,  48,  1,  53,  47,  TemporalMultiStep,  0.1,  0.32792736475,  87.5253105599, 
1010,  2078,  completed,  eof,  2014-05-04 22:09:43,  2014-05-04 22:10:45,  62,  modelParams|sensorParams|encoders|rpos:n_22.modelParams|clParams|alpha_0.0001.modelParams|tpParams|minThreshold_9.modelParams|tpParams|activationThreshold_12.modelParams|tpParams|pamLength_1.modelParams|sensorParams|encoders|lpos:n_53.modelParams|sensorParams|encoders|_classifierInput|n_47.modelParams|inferenceType_TemporalMultiStep.modelParams|spParams|synPermInactiveDec_0.1,  5000,  None,  22,  0.0001,  9,  12,  None,  1,  53,  47,  TemporalMultiStep,  0.1,  0.325971525528,  87.0032881435, 
1010,  2079,  completed,  eof,  2014-05-04 22:09:45,  2014-05-04 22:10:46,  61,  modelParams|clParams|alpha_0.0001.modelParams|tpParams|minThreshold_9.modelParams|tpParams|activationThreshold_12.modelParams|sensorParams|encoders|lwidth:n_22.modelParams|tpParams|pamLength_1.modelParams|sensorParams|encoders|lpos:n_46.modelParams|sensorParams|encoders|_classifierInput|n_28.modelParams|inferenceType_TemporalMultiStep.modelParams|spParams|synPermInactiveDec_0.1,  5000,  None,  None,  0.0001,  9,  12,  22,  1,  46,  28,  TemporalMultiStep,  0.1,  0.34624195085,  92.4135571917, 
1010,  2080,  completed,  eof,  2014-05-04 22:09:51,  2014-05-04 22:10:47,  56,  modelParams|sensorParams|encoders|rpos:n_22.modelParams|clParams|alpha_0.0001.modelParams|tpParams|minThreshold_9.modelParams|tpParams|activationThreshold_12.modelParams|tpParams|pamLength_1.modelParams|sensorParams|encoders|lpos:n_45.modelParams|sensorParams|encoders|_classifierInput|n_28.modelParams|inferenceType_TemporalMultiStep.modelParams|spParams|synPermInactiveDec_0.1,  5000,  None,  22,  0.0001,  9,  12,  None,  1,  45,  28,  TemporalMultiStep,  0.1,  0.341356877811,  91.1097088982, 
1010,  2081,  completed,  eof,  2014-05-04 22:10:45,  2014-05-04 22:11:58,  73,  modelParams|clParams|alpha_0.0001.modelParams|tpParams|minThreshold_9.modelParams|tpParams|activationThreshold_12.modelParams|sensorParams|encoders|lwidth:n_34.modelParams|tpParams|pamLength_1.modelParams|sensorParams|encoders|lpos:n_47.modelParams|sensorParams|encoders|_classifierInput|n_45.modelParams|inferenceType_TemporalMultiStep.modelParams|spParams|synPermInactiveDec_0.1,  5000,  None,  None,  0.0001,  9,  12,  34,  1,  47,  45,  TemporalMultiStep,  0.1,  0.344153104551,  91.8560345793, 
1010,  2082,  completed,  eof,  2014-05-04 22:10:46,  2014-05-04 22:11:46,  60,  modelParams|sensorParams|encoders|rpos:n_22.modelParams|clParams|alpha_0.0001.modelParams|tpParams|minThreshold_9.modelParams|tpParams|activationThreshold_12.modelParams|tpParams|pamLength_1.modelParams|sensorParams|encoders|lpos:n_52.modelParams|sensorParams|encoders|_classifierInput|n_30.modelParams|inferenceType_TemporalMultiStep.modelParams|spParams|synPermInactiveDec_0.1,  5000,  None,  22,  0.0001,  9,  12,  None,  1,  52,  30,  TemporalMultiStep,  0.1,  0.327504119466,  87.4123444616, 
1010,  2083,  completed,  eof,  2014-05-04 22:10:48,  2014-05-04 22:12:09,  81,  modelParams|clParams|alpha_0.0001.modelParams|tpParams|minThreshold_9.modelParams|tpParams|activationThreshold_12.modelParams|sensorParams|encoders|lwidth:n_73.modelParams|tpParams|pamLength_1.modelParams|sensorParams|encoders|lpos:n_46.modelParams|sensorParams|encoders|_classifierInput|n_73.modelParams|inferenceType_TemporalMultiStep.modelParams|spParams|synPermInactiveDec_0.1,  5000,  None,  None,  0.0001,  9,  12,  73,  1,  46,  73,  TemporalMultiStep,  0.1,  0.336788001075,  89.8902548417, 
1010,  2084,  completed,  eof,  2014-05-04 22:10:48,  2014-05-04 22:11:51,  63,  modelParams|sensorParams|encoders|rpos:n_22.modelParams|clParams|alpha_0.0001.modelParams|tpParams|minThreshold_9.modelParams|tpParams|activationThreshold_12.modelParams|tpParams|pamLength_1.modelParams|sensorParams|encoders|lpos:n_52.modelParams|sensorParams|encoders|_classifierInput|n_45.modelParams|inferenceType_TemporalMultiStep.modelParams|spParams|synPermInactiveDec_0.1,  5000,  None,  22,  0.0001,  9,  12,  None,  1,  52,  45,  TemporalMultiStep,  0.1,  0.32818268237,  87.5934559981, 
1010,  2085,  completed,  eof,  2014-05-04 22:11:46,  2014-05-04 22:13:15,  89,  modelParams|clParams|alpha_0.0124026173092.modelParams|tpParams|minThreshold_9.modelParams|tpParams|activationThreshold_12.modelParams|sensorParams|encoders|lwidth:n_65.modelParams|tpParams|pamLength_2.modelParams|sensorParams|encoders|lpos:n_54.modelParams|sensorParams|encoders|_classifierInput|n_66.modelParams|inferenceType_TemporalMultiStep.modelParams|spParams|synPermInactiveDec_0.0875375,  5000,  None,  None,  0.0124026173092,  9,  12,  65,  2,  54,  66,  TemporalMultiStep,  0.0875375,  0.492674862007,  131.49716961, 
1010,  2086,  completed,  eof,  2014-05-04 22:11:51,  2014-05-04 22:12:49,  58,  modelParams|sensorParams|encoders|rpos:n_22.modelParams|clParams|alpha_0.0001.modelParams|tpParams|minThreshold_9.modelParams|tpParams|activationThreshold_12.modelParams|tpParams|pamLength_1.modelParams|sensorParams|encoders|lpos:n_55.modelParams|sensorParams|encoders|_classifierInput|n_28.modelParams|inferenceType_TemporalMultiStep.modelParams|spParams|synPermInactiveDec_0.1,  5000,  None,  22,  0.0001,  9,  12,  None,  1,  55,  28,  TemporalMultiStep,  0.1,  0.337315867596,  90.0311448257, 
1010,  2087,  completed,  eof,  2014-05-04 22:11:58,  2014-05-04 22:13:17,  79,  modelParams|clParams|alpha_0.0001.modelParams|tpParams|minThreshold_9.modelParams|tpParams|activationThreshold_12.modelParams|sensorParams|encoders|lwidth:n_43.modelParams|tpParams|pamLength_1.modelParams|sensorParams|encoders|lpos:n_54.modelParams|sensorParams|encoders|_classifierInput|n_42.modelParams|inferenceType_TemporalMultiStep.modelParams|spParams|synPermInactiveDec_0.1,  5000,  None,  None,  0.0001,  9,  12,  43,  1,  54,  42,  TemporalMultiStep,  0.1,  0.333226211939,  88.9395970626, 
1010,  2088,  completed,  eof,  2014-05-04 22:12:09,  2014-05-04 22:13:11,  62,  modelParams|sensorParams|encoders|rpos:n_22.modelParams|clParams|alpha_0.0001.modelParams|tpParams|minThreshold_9.modelParams|tpParams|activationThreshold_12.modelParams|tpParams|pamLength_1.modelParams|sensorParams|encoders|lpos:n_54.modelParams|sensorParams|encoders|_classifierInput|n_42.modelParams|inferenceType_TemporalMultiStep.modelParams|spParams|synPermInactiveDec_0.1,  5000,  None,  22,  0.0001,  9,  12,  None,  1,  54,  42,  TemporalMultiStep,  0.1,  0.324427587732,  86.5912040983, 
1010,  2089,  completed,  eof,  2014-05-04 22:12:49,  2014-05-04 22:13:51,  62,  modelParams|clParams|alpha_0.0001.modelParams|tpParams|minThreshold_9.modelParams|tpParams|activationThreshold_12.modelParams|sensorParams|encoders|lwidth:n_24.modelParams|tpParams|pamLength_1.modelParams|sensorParams|encoders|lpos:n_48.modelParams|sensorParams|encoders|_classifierInput|n_28.modelParams|inferenceType_TemporalMultiStep.modelParams|spParams|synPermInactiveDec_0.1,  5000,  None,  None,  0.0001,  9,  12,  24,  1,  48,  28,  TemporalMultiStep,  0.1,  0.349234837758,  93.2123723692, 
1010,  2090,  completed,  eof,  2014-05-04 22:13:11,  2014-05-04 22:14:09,  58,  modelParams|sensorParams|encoders|rpos:n_22.modelParams|clParams|alpha_0.0001.modelParams|tpParams|minThreshold_9.modelParams|tpParams|activationThreshold_12.modelParams|tpParams|pamLength_1.modelParams|sensorParams|encoders|lpos:n_50.modelParams|sensorParams|encoders|_classifierInput|n_28.modelParams|inferenceType_TemporalMultiStep.modelParams|spParams|synPermInactiveDec_0.1,  5000,  None,  22,  0.0001,  9,  12,  None,  1,  50,  28,  TemporalMultiStep,  0.1,  0.344010715031,  91.8180301665, 
1010,  2091,  completed,  killed,  2014-05-04 22:13:16,  2014-05-04 22:13:51,  35,  modelParams|clParams|alpha_0.0001.modelParams|tpParams|minThreshold_9.modelParams|tpParams|activationThreshold_12.modelParams|sensorParams|encoders|lwidth:n_49.modelParams|tpParams|pamLength_1.modelParams|sensorParams|encoders|lpos:n_51.modelParams|sensorParams|encoders|_classifierInput|n_51.modelParams|inferenceType_TemporalMultiStep.modelParams|spParams|synPermInactiveDec_0.1,  2850,  None,  None,  0.0001,  9,  12,  49,  1,  51,  51,  TemporalMultiStep,  0.1,  0.243774074479,  102.121427322, 
1010,  2092,  completed,  eof,  2014-05-04 22:13:17,  2014-05-04 22:14:19,  62,  modelParams|sensorParams|encoders|rpos:n_22.modelParams|clParams|alpha_0.0001.modelParams|tpParams|minThreshold_9.modelParams|tpParams|activationThreshold_12.modelParams|tpParams|pamLength_1.modelParams|sensorParams|encoders|lpos:n_54.modelParams|sensorParams|encoders|_classifierInput|n_41.modelParams|inferenceType_TemporalMultiStep.modelParams|spParams|synPermInactiveDec_0.1,  5000,  None,  22,  0.0001,  9,  12,  None,  1,  54,  41,  TemporalMultiStep,  0.1,  0.324566839604,  86.6283710584, 
1010,  2093,  completed,  eof,  2014-05-04 22:13:51,  2014-05-04 22:14:53,  62,  modelParams|sensorParams|encoders|rpos:n_22.modelParams|clParams|alpha_0.0001.modelParams|tpParams|minThreshold_9.modelParams|tpParams|activationThreshold_12.modelParams|tpParams|pamLength_1.modelParams|sensorParams|encoders|lpos:n_55.modelParams|sensorParams|encoders|_classifierInput|n_37.modelParams|inferenceType_TemporalMultiStep.modelParams|spParams|synPermInactiveDec_0.1,  5000,  None,  22,  0.0001,  9,  12,  None,  1,  55,  37,  TemporalMultiStep,  0.1,  0.331621883861,  88.5113945751, 
1010,  2094,  completed,  eof,  2014-05-04 22:13:51,  2014-05-04 22:14:53,  62,  modelParams|sensorParams|encoders|rpos:n_22.modelParams|clParams|alpha_0.0001.modelParams|tpParams|minThreshold_9.modelParams|tpParams|activationThreshold_12.modelParams|tpParams|pamLength_1.modelParams|sensorParams|encoders|lpos:n_54.modelParams|sensorParams|encoders|_classifierInput|n_38.modelParams|inferenceType_TemporalMultiStep.modelParams|spParams|synPermInactiveDec_0.1,  5000,  None,  22,  0.0001,  9,  12,  None,  1,  54,  38,  TemporalMultiStep,  0.1,  0.334330550928,  89.2343501797, 
1010,  2095,  completed,  eof,  2014-05-04 22:14:09,  2014-05-04 22:15:09,  60,  modelParams|sensorParams|encoders|rpos:n_22.modelParams|clParams|alpha_0.0001.modelParams|tpParams|minThreshold_9.modelParams|tpParams|activationThreshold_12.modelParams|tpParams|pamLength_1.modelParams|sensorParams|encoders|lpos:n_55.modelParams|sensorParams|encoders|_classifierInput|n_40.modelParams|inferenceType_TemporalMultiStep.modelParams|spParams|synPermInactiveDec_0.1,  5000,  None,  22,  0.0001,  9,  12,  None,  1,  55,  40,  TemporalMultiStep,  0.1,  0.320991364062,  85.6740603151, 
1010,  2096,  completed,  eof,  2014-05-04 22:14:19,  2014-05-04 22:15:20,  61,  modelParams|sensorParams|encoders|rpos:n_22.modelParams|clParams|alpha_0.0001.modelParams|tpParams|minThreshold_9.modelParams|tpParams|activationThreshold_12.modelParams|tpParams|pamLength_1.modelParams|sensorParams|encoders|lpos:n_54.modelParams|sensorParams|encoders|_classifierInput|n_39.modelParams|inferenceType_TemporalMultiStep.modelParams|spParams|synPermInactiveDec_0.1,  5000,  None,  22,  0.0001,  9,  12,  None,  1,  54,  39,  TemporalMultiStep,  0.1,  0.343400666655,  91.6552054702, 
1010,  2097,  completed,  eof,  2014-05-04 22:14:53,  2014-05-04 22:15:54,  61,  modelParams|sensorParams|encoders|rpos:n_22.modelParams|clParams|alpha_0.0001.modelParams|tpParams|minThreshold_9.modelParams|tpParams|activationThreshold_12.modelParams|tpParams|pamLength_1.modelParams|sensorParams|encoders|lpos:n_55.modelParams|sensorParams|encoders|_classifierInput|n_44.modelParams|inferenceType_TemporalMultiStep.modelParams|spParams|synPermInactiveDec_0.1,  5000,  None,  22,  0.0001,  9,  12,  None,  1,  55,  44,  TemporalMultiStep,  0.1,  0.347166652616,  92.6603643139, 
1010,  2098,  completed,  eof,  2014-05-04 22:14:54,  2014-05-04 22:15:56,  62,  modelParams|sensorParams|encoders|rpos:n_22.modelParams|clParams|alpha_0.000271141404489.modelParams|tpParams|minThreshold_9.modelParams|tpParams|activationThreshold_12.modelParams|tpParams|pamLength_1.modelParams|sensorParams|encoders|lpos:n_52.modelParams|sensorParams|encoders|_classifierInput|n_49.modelParams|inferenceType_TemporalMultiStep.modelParams|spParams|synPermInactiveDec_0.0998383878768,  5000,  None,  22,  0.000271141404489,  9,  12,  None,  1,  52,  49,  TemporalMultiStep,  0.0998383878768,  0.353233970748,  94.2797592193, 
1010,  2099,  completed,  eof,  2014-05-04 22:15:10,  2014-05-04 22:16:12,  62,  modelParams|sensorParams|encoders|rpos:n_22.modelParams|clParams|alpha_0.0001.modelParams|tpParams|minThreshold_9.modelParams|tpParams|activationThreshold_12.modelParams|tpParams|pamLength_1.modelParams|sensorParams|encoders|lpos:n_55.modelParams|sensorParams|encoders|_classifierInput|n_42.modelParams|inferenceType_TemporalMultiStep.modelParams|spParams|synPermInactiveDec_0.1,  5000,  None,  22,  0.0001,  9,  12,  None,  1,  55,  42,  TemporalMultiStep,  0.1,  0.33589722094,  89.6525015575, 
1010,  2100,  completed,  eof,  2014-05-04 22:15:20,  2014-05-04 22:16:18,  58,  modelParams|sensorParams|encoders|rpos:n_23.modelParams|clParams|alpha_0.000259403566059.modelParams|tpParams|minThreshold_9.modelParams|tpParams|activationThreshold_12.modelParams|tpParams|pamLength_1.modelParams|sensorParams|encoders|lpos:n_55.modelParams|sensorParams|encoders|_classifierInput|n_39.modelParams|inferenceType_TemporalMultiStep.modelParams|spParams|synPermInactiveDec_0.0998410773848,  5000,  None,  23,  0.000259403566059,  9,  12,  None,  1,  55,  39,  TemporalMultiStep,  0.0998410773848,  0.345967608445,  92.3403339513, 
1010,  2101,  completed,  eof,  2014-05-04 22:15:55,  2014-05-04 22:16:58,  63,  modelParams|sensorParams|encoders|rpos:n_22.modelParams|clParams|alpha_0.0001.modelParams|tpParams|minThreshold_9.modelParams|tpParams|activationThreshold_12.modelParams|tpParams|pamLength_1.modelParams|sensorParams|encoders|lpos:n_54.modelParams|sensorParams|encoders|_classifierInput|n_40.modelParams|inferenceType_TemporalMultiStep.modelParams|spParams|synPermInactiveDec_0.1,  5000,  None,  22,  0.0001,  9,  12,  None,  1,  54,  40,  TemporalMultiStep,  0.1,  0.319686953609,  85.3259072108, 
1010,  2102,  completed,  eof,  2014-05-04 22:15:56,  2014-05-04 22:16:58,  62,  modelParams|sensorParams|encoders|rpos:n_22.modelParams|clParams|alpha_0.0001.modelParams|tpParams|minThreshold_9.modelParams|tpParams|activationThreshold_12.modelParams|tpParams|pamLength_1.modelParams|sensorParams|encoders|lpos:n_55.modelParams|sensorParams|encoders|_classifierInput|n_41.modelParams|inferenceType_TemporalMultiStep.modelParams|spParams|synPermInactiveDec_0.1,  5000,  None,  22,  0.0001,  9,  12,  None,  1,  55,  41,  TemporalMultiStep,  0.1,  0.328520769055,  87.6836928776, 
1010,  2103,  completed,  eof,  2014-05-04 22:16:12,  2014-05-04 22:17:13,  61,  modelParams|sensorParams|encoders|rpos:n_22.modelParams|clParams|alpha_0.000122798221051.modelParams|tpParams|minThreshold_9.modelParams|tpParams|activationThreshold_12.modelParams|tpParams|pamLength_1.modelParams|sensorParams|encoders|lpos:n_55.modelParams|sensorParams|encoders|_classifierInput|n_42.modelParams|inferenceType_TemporalMultiStep.modelParams|spParams|synPermInactiveDec_0.099982654235,  5000,  None,  22,  0.000122798221051,  9,  12,  None,  1,  55,  42,  TemporalMultiStep,  0.099982654235,  0.3319972719,  88.6115873563, 
1010,  2104,  completed,  eof,  2014-05-04 22:16:18,  2014-05-04 22:17:14,  56,  modelParams|sensorParams|encoders|rpos:n_23.modelParams|clParams|alpha_0.000306478681455.modelParams|tpParams|minThreshold_9.modelParams|tpParams|activationThreshold_12.modelParams|tpParams|pamLength_1.modelParams|sensorParams|encoders|lpos:n_55.modelParams|sensorParams|encoders|_classifierInput|n_37.modelParams|inferenceType_TemporalMultiStep.modelParams|spParams|synPermInactiveDec_0.0997936256299,  5000,  None,  23,  0.000306478681455,  9,  12,  None,  1,  55,  37,  TemporalMultiStep,  0.0997936256299,  0.325682092873,  86.9260372468, 
1010,  2105,  completed,  eof,  2014-05-04 22:16:58,  2014-05-04 22:18:05,  67,  modelParams|sensorParams|encoders|rpos:n_22.modelParams|clParams|alpha_0.000121234591045.modelParams|tpParams|minThreshold_9.modelParams|tpParams|activationThreshold_12.modelParams|tpParams|pamLength_1.modelParams|sensorParams|encoders|lpos:n_54.modelParams|sensorParams|encoders|_classifierInput|n_40.modelParams|inferenceType_TemporalMultiStep.modelParams|spParams|synPermInactiveDec_0.0999829428988,  5000,  None,  22,  0.000121234591045,  9,  12,  None,  1,  54,  40,  TemporalMultiStep,  0.0999829428988,  0.320378670616,  85.5105296376, 
1010,  2106,  completed,  eof,  2014-05-04 22:16:58,  2014-05-04 22:17:55,  57,  modelParams|sensorParams|encoders|rpos:n_23.modelParams|clParams|alpha_0.000259536586855.modelParams|tpParams|minThreshold_9.modelParams|tpParams|activationThreshold_12.modelParams|tpParams|pamLength_1.modelParams|sensorParams|encoders|lpos:n_54.modelParams|sensorParams|encoders|_classifierInput|n_40.modelParams|inferenceType_TemporalMultiStep.modelParams|spParams|synPermInactiveDec_0.0998405591024,  5000,  None,  23,  0.000259536586855,  9,  12,  None,  1,  54,  40,  TemporalMultiStep,  0.0998405591024,  0.317172514321,  84.6547918871, 
1010,  2107,  completed,  eof,  2014-05-04 22:17:13,  2014-05-04 22:18:16,  63,  modelParams|sensorParams|encoders|rpos:n_22.modelParams|clParams|alpha_0.000128148623064.modelParams|tpParams|minThreshold_9.modelParams|tpParams|activationThreshold_12.modelParams|tpParams|pamLength_1.modelParams|sensorParams|encoders|lpos:n_52.modelParams|sensorParams|encoders|_classifierInput|n_38.modelParams|inferenceType_TemporalMultiStep.modelParams|spParams|synPermInactiveDec_0.0999811933838,  5000,  None,  22,  0.000128148623064,  9,  12,  None,  1,  52,  38,  TemporalMultiStep,  0.0999811933838,  0.356550750027,  95.1650227491, 
1010,  2108,  completed,  eof,  2014-05-04 22:17:14,  2014-05-04 22:18:17,  63,  modelParams|sensorParams|encoders|rpos:n_22.modelParams|clParams|alpha_0.000193819836894.modelParams|tpParams|minThreshold_9.modelParams|tpParams|activationThreshold_12.modelParams|tpParams|pamLength_1.modelParams|sensorParams|encoders|lpos:n_52.modelParams|sensorParams|encoders|_classifierInput|n_37.modelParams|inferenceType_TemporalMultiStep.modelParams|spParams|synPermInactiveDec_0.0999161693773,  5000,  None,  22,  0.000193819836894,  9,  12,  None,  1,  52,  37,  TemporalMultiStep,  0.0999161693773,  0.34035044076,  90.8410862553, 
1010,  2109,  completed,  eof,  2014-05-04 22:17:55,  2014-05-04 22:18:49,  54,  modelParams|sensorParams|encoders|rpos:n_23.modelParams|clParams|alpha_0.000316353484304.modelParams|tpParams|minThreshold_9.modelParams|tpParams|activationThreshold_12.modelParams|tpParams|pamLength_1.modelParams|sensorParams|encoders|lpos:n_54.modelParams|sensorParams|encoders|_classifierInput|n_39.modelParams|inferenceType_TemporalMultiStep.modelParams|spParams|synPermInactiveDec_0.0997837172329,  5000,  None,  23,  0.000316353484304,  9,  12,  None,  1,  54,  39,  TemporalMultiStep,  0.0997837172329,  0.354758050666,  94.6865431065, 
1010,  2110,  completed,  eof,  2014-05-04 22:18:05,  2014-05-04 22:18:59,  54,  modelParams|sensorParams|encoders|rpos:n_23.modelParams|clParams|alpha_0.000209682140168.modelParams|tpParams|minThreshold_9.modelParams|tpParams|activationThreshold_12.modelParams|tpParams|pamLength_1.modelParams|sensorParams|encoders|lpos:n_54.modelParams|sensorParams|encoders|_classifierInput|n_41.modelParams|inferenceType_TemporalMultiStep.modelParams|spParams|synPermInactiveDec_0.0998919473711,  5000,  None,  23,  0.000209682140168,  9,  12,  None,  1,  54,  41,  TemporalMultiStep,  0.0998919473711,  0.32922593936,  87.871906051, 
1010,  2111,  completed,  eof,  2014-05-04 22:18:16,  2014-05-04 22:19:09,  53,  modelParams|sensorParams|encoders|rpos:n_23.modelParams|clParams|alpha_0.000299420733569.modelParams|tpParams|minThreshold_9.modelParams|tpParams|activationThreshold_12.modelParams|tpParams|pamLength_1.modelParams|sensorParams|encoders|lpos:n_54.modelParams|sensorParams|encoders|_classifierInput|n_40.modelParams|inferenceType_TemporalMultiStep.modelParams|spParams|synPermInactiveDec_0.099800698878,  5000,  None,  23,  0.000299420733569,  9,  12,  None,  1,  54,  40,  TemporalMultiStep,  0.099800698878,  0.318030904507,  84.883900146, 
1010,  2112,  completed,  eof,  2014-05-04 22:18:17,  2014-05-04 22:19:09,  52,  modelParams|sensorParams|encoders|rpos:n_23.modelParams|clParams|alpha_0.000245623137341.modelParams|tpParams|minThreshold_9.modelParams|tpParams|activationThreshold_12.modelParams|tpParams|pamLength_1.modelParams|sensorParams|encoders|lpos:n_54.modelParams|sensorParams|encoders|_classifierInput|n_41.modelParams|inferenceType_TemporalMultiStep.modelParams|spParams|synPermInactiveDec_0.099856369875,  5000,  None,  23,  0.000245623137341,  9,  12,  None,  1,  54,  41,  TemporalMultiStep,  0.099856369875,  0.331131595489,  88.3805343708, 
1010,  2113,  completed,  killed,  2014-05-04 22:18:49,  2014-05-04 22:19:09,  20,  modelParams|sensorParams|encoders|rpos:n_23.modelParams|clParams|alpha_0.000254371381835.modelParams|tpParams|minThreshold_9.modelParams|tpParams|activationThreshold_12.modelParams|tpParams|pamLength_1.modelParams|sensorParams|encoders|lpos:n_54.modelParams|sensorParams|encoders|_classifierInput|n_40.modelParams|inferenceType_TemporalMultiStep.modelParams|spParams|synPermInactiveDec_0.0998493908742,  1950,  None,  23,  0.000254371381835,  9,  12,  None,  1,  54,  40,  TemporalMultiStep,  0.0998493908742,  0.411931166382,  142.316291284, 
1010,  2114,  completed,  killed,  2014-05-04 22:18:59,  2014-05-04 22:19:09,  10,  modelParams|sensorParams|encoders|rpos:n_23.modelParams|clParams|alpha_0.00026604926381.modelParams|tpParams|minThreshold_9.modelParams|tpParams|activationThreshold_12.modelParams|tpParams|pamLength_1.modelParams|sensorParams|encoders|lpos:n_54.modelParams|sensorParams|encoders|_classifierInput|n_40.modelParams|inferenceType_TemporalMultiStep.modelParams|spParams|synPermInactiveDec_0.0998342473612,  1050,  None,  23,  0.00026604926381,  9,  12,  None,  1,  54,  40,  TemporalMultiStep,  0.0998342473612,  0.357006019678,  113.601608385, 
