jobID,  modelID,  status,  completionReason,  startTime,  endTime,  runtime(s),  expDesc,  numRecords,  modelParams|sensorParams|encoders|rwidth:n,  modelParams|sensorParams|encoders|rpos:n,  modelParams|clParams|alpha,  modelParams|tpParams|minThreshold,  modelParams|tpParams|activationThreshold,  modelParams|sensorParams|encoders|lwidth:n,  modelParams|tpParams|pamLength,  modelParams|sensorParams|encoders|lpos:n,  modelParams|sensorParams|encoders|_classifierInput|n,  modelParams|inferenceType,  modelParams|spParams|synPermInactiveDec,  multiStepBestPredictions:multiStep:errorMetric='aae':steps=[20]:window=1000:field=lpos,  multiStepBestPredictions:multiStep:errorMetric='altMAPE':steps=[20]:window=1000:field=lpos, 
1041,  11952,  completed,  eof,  2014-05-04 17:24:27,  2014-05-04 17:26:41,  134,  modelParams|clParams|alpha_0.05005.modelParams|tpParams|minThreshold_11.modelParams|tpParams|activationThreshold_14.modelParams|tpParams|pamLength_3.modelParams|sensorParams|encoders|lpos:n_272.modelParams|sensorParams|encoders|_classifierInput|n_275.modelParams|inferenceType_NontemporalMultiStep.modelParams|spParams|synPermInactiveDec_0.05015,  28629,  None,  None,  0.05005,  11,  14,  None,  3,  272,  275,  NontemporalMultiStep,  0.05015,  0.23101553713,  1.31452905021, 
1041,  11957,  completed,  eof,  2014-05-04 17:24:27,  2014-05-04 17:26:42,  135,  modelParams|clParams|alpha_0.05005.modelParams|tpParams|minThreshold_11.modelParams|tpParams|activationThreshold_14.modelParams|sensorParams|encoders|lwidth:n_272.modelParams|tpParams|pamLength_3.modelParams|sensorParams|encoders|_classifierInput|n_275.modelParams|inferenceType_NontemporalMultiStep.modelParams|spParams|synPermInactiveDec_0.05015,  28629,  None,  None,  0.05005,  11,  14,  272,  3,  None,  275,  NontemporalMultiStep,  0.05015,  0.433951596532,  2.46927971648, 
1041,  11974,  completed,  eof,  2014-05-04 17:24:27,  2014-05-04 17:27:08,  161,  modelParams|sensorParams|encoders|rpos:n_272.modelParams|clParams|alpha_0.05005.modelParams|tpParams|minThreshold_11.modelParams|tpParams|activationThreshold_14.modelParams|tpParams|pamLength_3.modelParams|sensorParams|encoders|_classifierInput|n_275.modelParams|inferenceType_NontemporalMultiStep.modelParams|spParams|synPermInactiveDec_0.05015,  28629,  None,  272,  0.05005,  11,  14,  None,  3,  None,  275,  NontemporalMultiStep,  0.05015,  0.372625029167,  2.12031810397, 
1041,  11985,  completed,  eof,  2014-05-04 17:24:28,  2014-05-04 17:26:42,  134,  modelParams|sensorParams|encoders|rwidth:n_272.modelParams|clParams|alpha_0.05005.modelParams|tpParams|minThreshold_11.modelParams|tpParams|activationThreshold_14.modelParams|tpParams|pamLength_3.modelParams|sensorParams|encoders|_classifierInput|n_275.modelParams|inferenceType_NontemporalMultiStep.modelParams|spParams|synPermInactiveDec_0.05015,  28629,  272,  None,  0.05005,  11,  14,  None,  3,  None,  275,  NontemporalMultiStep,  0.05015,  0.377467158321,  2.14787088037, 
1041,  11986,  completed,  eof,  2014-05-04 17:26:42,  2014-05-04 17:33:22,  400,  modelParams|clParams|alpha_0.0001.modelParams|tpParams|minThreshold_9.modelParams|tpParams|activationThreshold_12.modelParams|tpParams|pamLength_1.modelParams|sensorParams|encoders|lpos:n_22.modelParams|sensorParams|encoders|_classifierInput|n_28.modelParams|inferenceType_TemporalMultiStep.modelParams|spParams|synPermInactiveDec_0.1,  28629,  None,  None,  0.0001,  9,  12,  None,  1,  22,  28,  TemporalMultiStep,  0.1,  0.198332004046,  1.12855258198, 
1041,  11987,  completed,  eof,  2014-05-04 17:26:43,  2014-05-04 17:34:09,  446,  modelParams|clParams|alpha_0.0001.modelParams|tpParams|minThreshold_9.modelParams|tpParams|activationThreshold_12.modelParams|sensorParams|encoders|lwidth:n_22.modelParams|tpParams|pamLength_1.modelParams|sensorParams|encoders|_classifierInput|n_28.modelParams|inferenceType_TemporalMultiStep.modelParams|spParams|synPermInactiveDec_0.1,  28629,  None,  None,  0.0001,  9,  12,  22,  1,  None,  28,  TemporalMultiStep,  0.1,  0.198767916025,  1.1310330167, 
1041,  11998,  completed,  eof,  2014-05-04 17:26:44,  2014-05-04 17:33:34,  410,  modelParams|sensorParams|encoders|rpos:n_22.modelParams|clParams|alpha_0.0001.modelParams|tpParams|minThreshold_9.modelParams|tpParams|activationThreshold_12.modelParams|tpParams|pamLength_1.modelParams|sensorParams|encoders|_classifierInput|n_28.modelParams|inferenceType_TemporalMultiStep.modelParams|spParams|synPermInactiveDec_0.1,  28629,  None,  22,  0.0001,  9,  12,  None,  1,  None,  28,  TemporalMultiStep,  0.1,  0.198332004046,  1.12855258198, 
1041,  11999,  completed,  eof,  2014-05-04 17:27:09,  2014-05-04 17:33:43,  394,  modelParams|sensorParams|encoders|rwidth:n_22.modelParams|clParams|alpha_0.0001.modelParams|tpParams|minThreshold_9.modelParams|tpParams|activationThreshold_12.modelParams|tpParams|pamLength_1.modelParams|sensorParams|encoders|_classifierInput|n_28.modelParams|inferenceType_TemporalMultiStep.modelParams|spParams|synPermInactiveDec_0.1,  28629,  22,  None,  0.0001,  9,  12,  None,  1,  None,  28,  TemporalMultiStep,  0.1,  0.198332004046,  1.12855258198, 
1041,  12000,  completed,  eof,  2014-05-04 17:33:22,  2014-05-04 17:36:40,  198,  modelParams|clParams|alpha_0.1.modelParams|tpParams|minThreshold_12.modelParams|tpParams|activationThreshold_16.modelParams|tpParams|pamLength_5.modelParams|sensorParams|encoders|lpos:n_521.modelParams|sensorParams|encoders|_classifierInput|n_521.modelParams|inferenceType_NontemporalMultiStep.modelParams|spParams|synPermInactiveDec_0.0003,  28629,  None,  None,  0.1,  12,  16,  None,  5,  521,  521,  NontemporalMultiStep,  0.0003,  0.126269994868,  0.718503952099, 
1041,  12001,  completed,  eof,  2014-05-04 17:33:34,  2014-05-04 17:36:22,  168,  modelParams|clParams|alpha_0.1.modelParams|tpParams|minThreshold_12.modelParams|tpParams|activationThreshold_16.modelParams|sensorParams|encoders|lwidth:n_521.modelParams|tpParams|pamLength_5.modelParams|sensorParams|encoders|_classifierInput|n_521.modelParams|inferenceType_NontemporalMultiStep.modelParams|spParams|synPermInactiveDec_0.0003,  28629,  None,  None,  0.1,  12,  16,  521,  5,  None,  521,  NontemporalMultiStep,  0.0003,  0.473310039501,  2.69323788525, 
1041,  12002,  completed,  eof,  2014-05-04 17:33:43,  2014-05-04 17:36:33,  170,  modelParams|sensorParams|encoders|rpos:n_521.modelParams|clParams|alpha_0.1.modelParams|tpParams|minThreshold_12.modelParams|tpParams|activationThreshold_16.modelParams|tpParams|pamLength_5.modelParams|sensorParams|encoders|_classifierInput|n_521.modelParams|inferenceType_NontemporalMultiStep.modelParams|spParams|synPermInactiveDec_0.0003,  28629,  None,  521,  0.1,  12,  16,  None,  5,  None,  521,  NontemporalMultiStep,  0.0003,  0.249757145161,  1.4211729085, 
1041,  12003,  completed,  eof,  2014-05-04 17:34:09,  2014-05-04 17:36:58,  169,  modelParams|sensorParams|encoders|rwidth:n_521.modelParams|clParams|alpha_0.1.modelParams|tpParams|minThreshold_12.modelParams|tpParams|activationThreshold_16.modelParams|tpParams|pamLength_5.modelParams|sensorParams|encoders|_classifierInput|n_521.modelParams|inferenceType_NontemporalMultiStep.modelParams|spParams|synPermInactiveDec_0.0003,  28629,  521,  None,  0.1,  12,  16,  None,  5,  None,  521,  NontemporalMultiStep,  0.0003,  0.436014670758,  2.4810190611, 
1041,  12004,  completed,  eof,  2014-05-04 17:36:23,  2014-05-04 17:47:35,  672,  modelParams|clParams|alpha_0.025075.modelParams|tpParams|minThreshold_10.modelParams|tpParams|activationThreshold_13.modelParams|tpParams|pamLength_2.modelParams|sensorParams|encoders|lpos:n_147.modelParams|sensorParams|encoders|_classifierInput|n_151.modelParams|inferenceType_TemporalMultiStep.modelParams|spParams|synPermInactiveDec_0.075075,  28629,  None,  None,  0.025075,  10,  13,  None,  2,  147,  151,  TemporalMultiStep,  0.075075,  0.160818849225,  0.915094507294, 
1041,  12005,  completed,  eof,  2014-05-04 17:36:33,  2014-05-04 17:44:49,  496,  modelParams|clParams|alpha_0.025075.modelParams|tpParams|minThreshold_10.modelParams|tpParams|activationThreshold_13.modelParams|sensorParams|encoders|lwidth:n_147.modelParams|tpParams|pamLength_2.modelParams|sensorParams|encoders|_classifierInput|n_151.modelParams|inferenceType_TemporalMultiStep.modelParams|spParams|synPermInactiveDec_0.075075,  28629,  None,  None,  0.025075,  10,  13,  147,  2,  None,  151,  TemporalMultiStep,  0.075075,  0.142781351594,  0.812457191542, 
1041,  12006,  completed,  eof,  2014-05-04 17:36:40,  2014-05-04 17:45:18,  518,  modelParams|sensorParams|encoders|rpos:n_147.modelParams|clParams|alpha_0.025075.modelParams|tpParams|minThreshold_10.modelParams|tpParams|activationThreshold_13.modelParams|tpParams|pamLength_2.modelParams|sensorParams|encoders|_classifierInput|n_151.modelParams|inferenceType_TemporalMultiStep.modelParams|spParams|synPermInactiveDec_0.075075,  28629,  None,  147,  0.025075,  10,  13,  None,  2,  None,  151,  TemporalMultiStep,  0.075075,  0.238854185564,  1.35913267822, 
1041,  12007,  completed,  eof,  2014-05-04 17:36:58,  2014-05-04 17:45:28,  510,  modelParams|sensorParams|encoders|rwidth:n_147.modelParams|clParams|alpha_0.025075.modelParams|tpParams|minThreshold_10.modelParams|tpParams|activationThreshold_13.modelParams|tpParams|pamLength_2.modelParams|sensorParams|encoders|_classifierInput|n_151.modelParams|inferenceType_TemporalMultiStep.modelParams|spParams|synPermInactiveDec_0.075075,  28629,  147,  None,  0.025075,  10,  13,  None,  2,  None,  151,  TemporalMultiStep,  0.075075,  0.148376254992,  0.844293418408, 
1041,  12008,  completed,  eof,  2014-05-04 17:44:49,  2014-05-04 17:47:05,  136,  modelParams|clParams|alpha_0.075025.modelParams|tpParams|minThreshold_11.modelParams|tpParams|activationThreshold_15.modelParams|tpParams|pamLength_4.modelParams|sensorParams|encoders|lpos:n_396.modelParams|sensorParams|encoders|_classifierInput|n_398.modelParams|inferenceType_NontemporalMultiStep.modelParams|spParams|synPermInactiveDec_0.025225,  28629,  None,  None,  0.075025,  11,  15,  None,  4,  396,  398,  NontemporalMultiStep,  0.025225,  0.172791536051,  0.983221720024, 
1041,  12009,  completed,  eof,  2014-05-04 17:45:18,  2014-05-04 17:47:34,  136,  modelParams|clParams|alpha_0.075025.modelParams|tpParams|minThreshold_11.modelParams|tpParams|activationThreshold_15.modelParams|sensorParams|encoders|lwidth:n_396.modelParams|tpParams|pamLength_4.modelParams|sensorParams|encoders|_classifierInput|n_398.modelParams|inferenceType_NontemporalMultiStep.modelParams|spParams|synPermInactiveDec_0.025225,  28629,  None,  None,  0.075025,  11,  15,  396,  4,  None,  398,  NontemporalMultiStep,  0.025225,  0.443632595382,  2.52436672223, 
1041,  12010,  completed,  eof,  2014-05-04 17:45:28,  2014-05-04 17:47:34,  126,  modelParams|sensorParams|encoders|rpos:n_396.modelParams|clParams|alpha_0.075025.modelParams|tpParams|minThreshold_11.modelParams|tpParams|activationThreshold_15.modelParams|tpParams|pamLength_4.modelParams|sensorParams|encoders|_classifierInput|n_398.modelParams|inferenceType_NontemporalMultiStep.modelParams|spParams|synPermInactiveDec_0.025225,  28629,  None,  396,  0.075025,  11,  15,  None,  4,  None,  398,  NontemporalMultiStep,  0.025225,  0.341753095449,  1.94465003327, 
1041,  12011,  completed,  eof,  2014-05-04 17:47:05,  2014-05-04 17:49:07,  122,  modelParams|sensorParams|encoders|rwidth:n_396.modelParams|clParams|alpha_0.075025.modelParams|tpParams|minThreshold_11.modelParams|tpParams|activationThreshold_15.modelParams|tpParams|pamLength_4.modelParams|sensorParams|encoders|_classifierInput|n_398.modelParams|inferenceType_NontemporalMultiStep.modelParams|spParams|synPermInactiveDec_0.025225,  28629,  396,  None,  0.075025,  11,  15,  None,  4,  None,  398,  NontemporalMultiStep,  0.025225,  0.433265041112,  2.46537306563, 
1041,  12012,  completed,  eof,  2014-05-04 17:47:34,  2014-05-04 17:49:56,  142,  modelParams|clParams|alpha_0.0955047148893.modelParams|tpParams|minThreshold_12.modelParams|tpParams|activationThreshold_16.modelParams|tpParams|pamLength_5.modelParams|sensorParams|encoders|lpos:n_499.modelParams|sensorParams|encoders|_classifierInput|n_521.modelParams|inferenceType_NontemporalMultiStep.modelParams|spParams|synPermInactiveDec_0.00229630431068,  28629,  None,  None,  0.0955047148893,  12,  16,  None,  5,  499,  521,  NontemporalMultiStep,  0.00229630431068,  0.133073143864,  0.757215361291, 
1041,  12013,  completed,  eof,  2014-05-04 17:47:35,  2014-05-04 17:49:08,  93,  modelParams|clParams|alpha_0.0348151425553.modelParams|tpParams|minThreshold_10.modelParams|tpParams|activationThreshold_13.modelParams|sensorParams|encoders|lwidth:n_192.modelParams|tpParams|pamLength_2.modelParams|sensorParams|encoders|_classifierInput|n_175.modelParams|inferenceType_NontemporalMultiStep.modelParams|spParams|synPermInactiveDec_0.0815543478447,  28629,  None,  None,  0.0348151425553,  10,  13,  192,  2,  None,  175,  NontemporalMultiStep,  0.0815543478447,  0.2833706244,  1.61244097422, 
1041,  12014,  completed,  eof,  2014-05-04 17:47:35,  2014-05-04 17:48:50,  75,  modelParams|sensorParams|encoders|rpos:n_94.modelParams|clParams|alpha_0.0106252494518.modelParams|tpParams|minThreshold_9.modelParams|tpParams|activationThreshold_13.modelParams|tpParams|pamLength_2.modelParams|sensorParams|encoders|_classifierInput|n_52.modelParams|inferenceType_NontemporalMultiStep.modelParams|spParams|synPermInactiveDec_0.1,  28629,  None,  94,  0.0106252494518,  9,  13,  None,  2,  None,  52,  NontemporalMultiStep,  0.1,  0.206270237004,  1.17372286775, 
1041,  12015,  completed,  eof,  2014-05-04 17:48:50,  2014-05-04 17:50:26,  96,  modelParams|sensorParams|encoders|rwidth:n_195.modelParams|clParams|alpha_0.0328351247259.modelParams|tpParams|minThreshold_10.modelParams|tpParams|activationThreshold_13.modelParams|tpParams|pamLength_2.modelParams|sensorParams|encoders|_classifierInput|n_175.modelParams|inferenceType_NontemporalMultiStep.modelParams|spParams|synPermInactiveDec_0.0815543478447,  28629,  195,  None,  0.0328351247259,  10,  13,  None,  2,  None,  175,  NontemporalMultiStep,  0.0815543478447,  0.303737671582,  1.72833393762, 
1041,  12016,  completed,  eof,  2014-05-04 17:49:07,  2014-05-04 17:51:41,  154,  modelParams|clParams|alpha_0.0760244297787.modelParams|tpParams|minThreshold_12.modelParams|tpParams|activationThreshold_16.modelParams|tpParams|pamLength_4.modelParams|sensorParams|encoders|lpos:n_402.modelParams|sensorParams|encoders|_classifierInput|n_521.modelParams|inferenceType_NontemporalMultiStep.modelParams|spParams|synPermInactiveDec_0.0003,  28629,  None,  None,  0.0760244297787,  12,  16,  None,  4,  402,  521,  NontemporalMultiStep,  0.0003,  0.138547440061,  0.788365306744, 
1041,  12017,  completed,  eof,  2014-05-04 17:49:08,  2014-05-04 17:50:38,  90,  modelParams|clParams|alpha_0.0153348574447.modelParams|tpParams|minThreshold_10.modelParams|tpParams|activationThreshold_13.modelParams|sensorParams|encoders|lwidth:n_101.modelParams|tpParams|pamLength_2.modelParams|sensorParams|encoders|_classifierInput|n_127.modelParams|inferenceType_NontemporalMultiStep.modelParams|spParams|synPermInactiveDec_0.0685956521553,  28629,  None,  None,  0.0153348574447,  10,  13,  101,  2,  None,  127,  NontemporalMultiStep,  0.0685956521553,  0.151590242828,  0.862581713776, 
1041,  12018,  completed,  eof,  2014-05-04 17:49:56,  2014-05-04 17:51:02,  66,  modelParams|sensorParams|encoders|rpos:n_22.modelParams|clParams|alpha_0.005095.modelParams|tpParams|minThreshold_9.modelParams|tpParams|activationThreshold_12.modelParams|tpParams|pamLength_1.modelParams|sensorParams|encoders|_classifierInput|n_28.modelParams|inferenceType_NontemporalMultiStep.modelParams|spParams|synPermInactiveDec_0.095015,  28629,  None,  22,  0.005095,  9,  12,  None,  1,  None,  28,  NontemporalMultiStep,  0.095015,  0.203219392332,  1.15636289275, 
1041,  12019,  completed,  eof,  2014-05-04 17:50:26,  2014-05-04 17:51:52,  86,  modelParams|sensorParams|encoders|rwidth:n_98.modelParams|clParams|alpha_0.0273048752741.modelParams|tpParams|minThreshold_10.modelParams|tpParams|activationThreshold_13.modelParams|tpParams|pamLength_2.modelParams|sensorParams|encoders|_classifierInput|n_127.modelParams|inferenceType_NontemporalMultiStep.modelParams|spParams|synPermInactiveDec_0.0685956521553,  28629,  98,  None,  0.0273048752741,  10,  13,  None,  2,  None,  127,  NontemporalMultiStep,  0.0685956521553,  0.239331356715,  1.36184788667, 
1041,  12020,  completed,  eof,  2014-05-04 17:50:38,  2014-05-04 17:53:02,  144,  modelParams|clParams|alpha_0.095005.modelParams|tpParams|minThreshold_12.modelParams|tpParams|activationThreshold_16.modelParams|tpParams|pamLength_5.modelParams|sensorParams|encoders|lpos:n_521.modelParams|sensorParams|encoders|_classifierInput|n_521.modelParams|inferenceType_NontemporalMultiStep.modelParams|spParams|synPermInactiveDec_0.005285,  28629,  None,  None,  0.095005,  12,  16,  None,  5,  521,  521,  NontemporalMultiStep,  0.005285,  0.146578656543,  0.834064689156, 
1041,  12021,  completed,  eof,  2014-05-04 17:51:02,  2014-05-04 17:52:37,  95,  modelParams|clParams|alpha_0.034315427666.modelParams|tpParams|minThreshold_10.modelParams|tpParams|activationThreshold_13.modelParams|sensorParams|encoders|lwidth:n_184.modelParams|tpParams|pamLength_3.modelParams|sensorParams|encoders|_classifierInput|n_175.modelParams|inferenceType_NontemporalMultiStep.modelParams|spParams|synPermInactiveDec_0.084543043534,  28629,  None,  None,  0.034315427666,  10,  13,  184,  3,  None,  175,  NontemporalMultiStep,  0.084543043534,  0.297026326295,  1.69014491165, 
1041,  12022,  completed,  eof,  2014-05-04 17:51:41,  2014-05-04 17:52:57,  76,  modelParams|sensorParams|encoders|rpos:n_92.modelParams|clParams|alpha_0.0161554989036.modelParams|tpParams|minThreshold_9.modelParams|tpParams|activationThreshold_12.modelParams|tpParams|pamLength_2.modelParams|sensorParams|encoders|_classifierInput|n_52.modelParams|inferenceType_NontemporalMultiStep.modelParams|spParams|synPermInactiveDec_0.1,  28629,  None,  92,  0.0161554989036,  9,  12,  None,  2,  None,  52,  NontemporalMultiStep,  0.1,  0.249376956983,  1.41900955442, 
1041,  12023,  completed,  eof,  2014-05-04 17:51:53,  2014-05-04 17:53:25,  92,  modelParams|sensorParams|encoders|rwidth:n_193.modelParams|clParams|alpha_0.0383653741777.modelParams|tpParams|minThreshold_10.modelParams|tpParams|activationThreshold_13.modelParams|tpParams|pamLength_2.modelParams|sensorParams|encoders|_classifierInput|n_175.modelParams|inferenceType_NontemporalMultiStep.modelParams|spParams|synPermInactiveDec_0.084543043534,  28629,  193,  None,  0.0383653741777,  10,  13,  None,  2,  None,  175,  NontemporalMultiStep,  0.084543043534,  0.302257453804,  1.71991117396, 
1041,  12024,  completed,  eof,  2014-05-04 17:52:37,  2014-05-04 17:55:07,  150,  modelParams|clParams|alpha_0.080769572334.modelParams|tpParams|minThreshold_12.modelParams|tpParams|activationThreshold_16.modelParams|tpParams|pamLength_5.modelParams|sensorParams|encoders|lpos:n_425.modelParams|sensorParams|encoders|_classifierInput|n_497.modelParams|inferenceType_NontemporalMultiStep.modelParams|spParams|synPermInactiveDec_0.0003,  28629,  None,  None,  0.080769572334,  12,  16,  None,  5,  425,  497,  NontemporalMultiStep,  0.0003,  0.132526917386,  0.754107212888, 
1041,  12025,  completed,  eof,  2014-05-04 17:52:57,  2014-05-04 17:54:25,  88,  modelParams|clParams|alpha_0.02008.modelParams|tpParams|minThreshold_10.modelParams|tpParams|activationThreshold_13.modelParams|sensorParams|encoders|lwidth:n_172.modelParams|tpParams|pamLength_2.modelParams|sensorParams|encoders|_classifierInput|n_127.modelParams|inferenceType_NontemporalMultiStep.modelParams|spParams|synPermInactiveDec_0.07009,  28629,  None,  None,  0.02008,  10,  13,  172,  2,  None,  127,  NontemporalMultiStep,  0.07009,  0.200926567716,  1.14331621805, 
1041,  12026,  completed,  eof,  2014-05-04 17:53:02,  2014-05-04 17:54:09,  67,  modelParams|sensorParams|encoders|rpos:n_22.modelParams|clParams|alpha_0.0001.modelParams|tpParams|minThreshold_9.modelParams|tpParams|activationThreshold_12.modelParams|tpParams|pamLength_1.modelParams|sensorParams|encoders|_classifierInput|n_28.modelParams|inferenceType_NontemporalMultiStep.modelParams|spParams|synPermInactiveDec_0.0965093478447,  28629,  None,  22,  0.0001,  9,  12,  None,  1,  None,  28,  NontemporalMultiStep,  0.0965093478447,  0.198332004046,  1.12855258198, 
1041,  12027,  completed,  eof,  2014-05-04 17:53:25,  2014-05-04 17:54:53,  88,  modelParams|sensorParams|encoders|rwidth:n_122.modelParams|clParams|alpha_0.02008.modelParams|tpParams|minThreshold_10.modelParams|tpParams|activationThreshold_13.modelParams|tpParams|pamLength_2.modelParams|sensorParams|encoders|_classifierInput|n_127.modelParams|inferenceType_NontemporalMultiStep.modelParams|spParams|synPermInactiveDec_0.08006,  28629,  122,  None,  0.02008,  10,  13,  None,  2,  None,  127,  NontemporalMultiStep,  0.08006,  0.182503759681,  1.03848640162, 
1041,  12028,  completed,  eof,  2014-05-04 17:54:09,  2014-05-04 17:56:33,  144,  modelParams|clParams|alpha_0.0902598574447.modelParams|tpParams|minThreshold_11.modelParams|tpParams|activationThreshold_16.modelParams|tpParams|pamLength_5.modelParams|sensorParams|encoders|lpos:n_521.modelParams|sensorParams|encoders|_classifierInput|n_521.modelParams|inferenceType_NontemporalMultiStep.modelParams|spParams|synPermInactiveDec_0.00379065215534,  28629,  None,  None,  0.0902598574447,  11,  16,  None,  5,  521,  521,  NontemporalMultiStep,  0.00379065215534,  0.139335013683,  0.792846773308, 
1041,  12029,  completed,  eof,  2014-05-04 17:54:25,  2014-05-04 17:55:59,  94,  modelParams|clParams|alpha_0.0295702851107.modelParams|tpParams|minThreshold_9.modelParams|tpParams|activationThreshold_13.modelParams|sensorParams|encoders|lwidth:n_163.modelParams|tpParams|pamLength_3.modelParams|sensorParams|encoders|_classifierInput|n_175.modelParams|inferenceType_NontemporalMultiStep.modelParams|spParams|synPermInactiveDec_0.0830486956893,  28629,  None,  None,  0.0295702851107,  9,  13,  163,  3,  None,  175,  NontemporalMultiStep,  0.0830486956893,  0.286555076753,  1.63056120622, 
1041,  12030,  completed,  eof,  2014-05-04 17:54:53,  2014-05-04 17:56:11,  78,  modelParams|sensorParams|encoders|rpos:n_68.modelParams|clParams|alpha_0.0133903741777.modelParams|tpParams|minThreshold_9.modelParams|tpParams|activationThreshold_12.modelParams|tpParams|pamLength_1.modelParams|sensorParams|encoders|_classifierInput|n_52.modelParams|inferenceType_NontemporalMultiStep.modelParams|spParams|synPermInactiveDec_0.1,  28629,  None,  68,  0.0133903741777,  9,  12,  None,  1,  None,  52,  NontemporalMultiStep,  0.1,  0.186922003248,  1.0636271761, 
1041,  12031,  completed,  eof,  2014-05-04 17:55:07,  2014-05-04 17:56:40,  93,  modelParams|sensorParams|encoders|rwidth:n_170.modelParams|clParams|alpha_0.0356002494518.modelParams|tpParams|minThreshold_9.modelParams|tpParams|activationThreshold_13.modelParams|tpParams|pamLength_2.modelParams|sensorParams|encoders|_classifierInput|n_175.modelParams|inferenceType_NontemporalMultiStep.modelParams|spParams|synPermInactiveDec_0.0830486956893,  28629,  170,  None,  0.0356002494518,  9,  13,  None,  2,  None,  175,  NontemporalMultiStep,  0.0830486956893,  0.321843915056,  1.83136243229, 
1041,  12032,  completed,  killed,  2014-05-04 17:55:59,  2014-05-04 17:56:34,  35,  modelParams|clParams|alpha_0.1.modelParams|tpParams|minThreshold_12.modelParams|tpParams|activationThreshold_16.modelParams|tpParams|pamLength_5.modelParams|sensorParams|encoders|lpos:n_521.modelParams|sensorParams|encoders|_classifierInput|n_521.modelParams|inferenceType_NontemporalMultiStep.modelParams|spParams|synPermInactiveDec_0.0003,  6350,  None,  None,  0.1,  12,  16,  None,  5,  521,  521,  NontemporalMultiStep,  0.0003,  0.450593885478,  13.0581035163, 
1041,  12033,  completed,  eof,  2014-05-04 17:56:11,  2014-05-04 17:57:18,  67,  modelParams|sensorParams|encoders|rpos:n_29.modelParams|clParams|alpha_0.0032280438079.modelParams|tpParams|minThreshold_9.modelParams|tpParams|activationThreshold_12.modelParams|tpParams|pamLength_1.modelParams|sensorParams|encoders|_classifierInput|n_28.modelParams|inferenceType_NontemporalMultiStep.modelParams|spParams|synPermInactiveDec_0.1,  28629,  None,  29,  0.0032280438079,  9,  12,  None,  1,  None,  28,  NontemporalMultiStep,  0.1,  0.198332004046,  1.12855258198, 
1041,  12034,  completed,  killed,  2014-05-04 17:56:33,  2014-05-04 17:56:40,  7,  modelParams|sensorParams|encoders|rwidth:n_137.modelParams|clParams|alpha_0.0216304488594.modelParams|tpParams|minThreshold_9.modelParams|tpParams|activationThreshold_13.modelParams|tpParams|pamLength_2.modelParams|sensorParams|encoders|_classifierInput|n_126.modelParams|inferenceType_NontemporalMultiStep.modelParams|spParams|synPermInactiveDec_0.0825376255976,  2150,  137,  None,  0.0216304488594,  9,  13,  None,  2,  None,  126,  NontemporalMultiStep,  0.0825376255976,  0.438304789186,  42.1878280787, 
1041,  12035,  completed,  eof,  2014-05-04 17:56:34,  2014-05-04 17:57:46,  72,  modelParams|sensorParams|encoders|rpos:n_53.modelParams|clParams|alpha_0.012584318835.modelParams|tpParams|minThreshold_9.modelParams|tpParams|activationThreshold_12.modelParams|tpParams|pamLength_1.modelParams|sensorParams|encoders|_classifierInput|n_46.modelParams|inferenceType_NontemporalMultiStep.modelParams|spParams|synPermInactiveDec_0.1,  28629,  None,  53,  0.012584318835,  9,  12,  None,  1,  None,  46,  NontemporalMultiStep,  0.1,  0.193635430254,  1.1018280475, 
1041,  12036,  completed,  eof,  2014-05-04 17:56:40,  2014-05-04 17:57:45,  65,  modelParams|sensorParams|encoders|rpos:n_22.modelParams|clParams|alpha_0.0001.modelParams|tpParams|minThreshold_9.modelParams|tpParams|activationThreshold_12.modelParams|tpParams|pamLength_1.modelParams|sensorParams|encoders|_classifierInput|n_28.modelParams|inferenceType_NontemporalMultiStep.modelParams|spParams|synPermInactiveDec_0.1,  28629,  None,  22,  0.0001,  9,  12,  None,  1,  None,  28,  NontemporalMultiStep,  0.1,  0.198332004046,  1.12855258198, 
1041,  12037,  completed,  eof,  2014-05-04 17:56:41,  2014-05-04 17:57:46,  65,  modelParams|sensorParams|encoders|rpos:n_28.modelParams|clParams|alpha_0.00511770221581.modelParams|tpParams|minThreshold_9.modelParams|tpParams|activationThreshold_12.modelParams|tpParams|pamLength_1.modelParams|sensorParams|encoders|_classifierInput|n_28.modelParams|inferenceType_NontemporalMultiStep.modelParams|spParams|synPermInactiveDec_0.1,  28629,  None,  28,  0.00511770221581,  9,  12,  None,  1,  None,  28,  NontemporalMultiStep,  0.1,  0.198332004046,  1.12855258198, 
1041,  12038,  completed,  eof,  2014-05-04 17:57:18,  2014-05-04 17:58:40,  82,  modelParams|sensorParams|encoders|rpos:n_137.modelParams|clParams|alpha_0.0309640837766.modelParams|tpParams|minThreshold_9.modelParams|tpParams|activationThreshold_13.modelParams|tpParams|pamLength_2.modelParams|sensorParams|encoders|_classifierInput|n_115.modelParams|inferenceType_NontemporalMultiStep.modelParams|spParams|synPermInactiveDec_0.0875375,  28629,  None,  137,  0.0309640837766,  9,  13,  None,  2,  None,  115,  NontemporalMultiStep,  0.0875375,  0.276497921987,  1.57333379083, 
1041,  12039,  completed,  killed,  2014-05-04 17:57:45,  2014-05-04 17:58:40,  55,  modelParams|sensorParams|encoders|rpos:n_44.modelParams|clParams|alpha_0.010415943198.modelParams|tpParams|minThreshold_9.modelParams|tpParams|activationThreshold_12.modelParams|tpParams|pamLength_1.modelParams|sensorParams|encoders|_classifierInput|n_38.modelParams|inferenceType_NontemporalMultiStep.modelParams|spParams|synPermInactiveDec_0.1,  23200,  None,  44,  0.010415943198,  9,  12,  None,  1,  None,  38,  NontemporalMultiStep,  0.1,  0.30933170706,  2.21192329823, 
1041,  12040,  completed,  killed,  2014-05-04 17:57:46,  2014-05-04 17:58:40,  54,  modelParams|sensorParams|encoders|rpos:n_73.modelParams|clParams|alpha_0.0151734609011.modelParams|tpParams|minThreshold_9.modelParams|tpParams|activationThreshold_12.modelParams|tpParams|pamLength_1.modelParams|sensorParams|encoders|_classifierInput|n_56.modelParams|inferenceType_NontemporalMultiStep.modelParams|spParams|synPermInactiveDec_0.1,  21250,  None,  73,  0.0151734609011,  9,  12,  None,  1,  None,  56,  NontemporalMultiStep,  0.1,  0.459543474317,  3.68103672769, 
1041,  12041,  completed,  killed,  2014-05-04 17:57:46,  2014-05-04 17:58:40,  54,  modelParams|sensorParams|encoders|rpos:n_28.modelParams|clParams|alpha_0.00606389421751.modelParams|tpParams|minThreshold_9.modelParams|tpParams|activationThreshold_12.modelParams|tpParams|pamLength_1.modelParams|sensorParams|encoders|_classifierInput|n_28.modelParams|inferenceType_NontemporalMultiStep.modelParams|spParams|synPermInactiveDec_0.1,  23250,  None,  28,  0.00606389421751,  9,  12,  None,  1,  None,  28,  NontemporalMultiStep,  0.1,  0.376716356859,  2.68429592608, 
1041,  12042,  completed,  eof,  2014-05-04 17:58:40,  2014-05-04 18:00:46,  126,  modelParams|clParams|alpha_0.05005.modelParams|tpParams|minThreshold_11.modelParams|tpParams|activationThreshold_14.modelParams|sensorParams|encoders|lwidth:n_272.modelParams|tpParams|pamLength_3.modelParams|sensorParams|encoders|lpos:n_521.modelParams|sensorParams|encoders|_classifierInput|n_275.modelParams|inferenceType_NontemporalMultiStep.modelParams|spParams|synPermInactiveDec_0.05015,  28629,  None,  None,  0.05005,  11,  14,  272,  3,  521,  275,  NontemporalMultiStep,  0.05015,  0.365826321922,  2.08163196932, 
1041,  12051,  completed,  eof,  2014-05-04 17:58:41,  2014-05-04 18:00:46,  125,  modelParams|sensorParams|encoders|rwidth:n_272.modelParams|clParams|alpha_0.05005.modelParams|tpParams|minThreshold_11.modelParams|tpParams|activationThreshold_14.modelParams|tpParams|pamLength_3.modelParams|sensorParams|encoders|lpos:n_521.modelParams|sensorParams|encoders|_classifierInput|n_275.modelParams|inferenceType_NontemporalMultiStep.modelParams|spParams|synPermInactiveDec_0.05015,  28629,  272,  None,  0.05005,  11,  14,  None,  3,  521,  275,  NontemporalMultiStep,  0.05015,  0.305688342472,  1.73943368261, 
1041,  12064,  completed,  eof,  2014-05-04 17:58:41,  2014-05-04 18:00:08,  87,  modelParams|clParams|alpha_0.0001.modelParams|tpParams|minThreshold_9.modelParams|tpParams|activationThreshold_12.modelParams|sensorParams|encoders|lwidth:n_22.modelParams|tpParams|pamLength_1.modelParams|sensorParams|encoders|lpos:n_521.modelParams|sensorParams|encoders|_classifierInput|n_28.modelParams|inferenceType_NontemporalMultiStep.modelParams|spParams|synPermInactiveDec_0.1,  28629,  None,  None,  0.0001,  9,  12,  22,  1,  521,  28,  NontemporalMultiStep,  0.1,  0.206622005321,  1.17572450659, 
1041,  12075,  completed,  eof,  2014-05-04 17:58:41,  2014-05-04 18:00:08,  87,  modelParams|sensorParams|encoders|rwidth:n_22.modelParams|clParams|alpha_0.0001.modelParams|tpParams|minThreshold_9.modelParams|tpParams|activationThreshold_12.modelParams|tpParams|pamLength_1.modelParams|sensorParams|encoders|lpos:n_521.modelParams|sensorParams|encoders|_classifierInput|n_28.modelParams|inferenceType_NontemporalMultiStep.modelParams|spParams|synPermInactiveDec_0.1,  28629,  22,  None,  0.0001,  9,  12,  None,  1,  521,  28,  NontemporalMultiStep,  0.1,  0.206963921251,  1.17767008319, 
1041,  12076,  completed,  eof,  2014-05-04 18:00:08,  2014-05-04 18:03:30,  202,  modelParams|clParams|alpha_0.1.modelParams|tpParams|minThreshold_12.modelParams|tpParams|activationThreshold_16.modelParams|sensorParams|encoders|lwidth:n_521.modelParams|tpParams|pamLength_5.modelParams|sensorParams|encoders|lpos:n_521.modelParams|sensorParams|encoders|_classifierInput|n_521.modelParams|inferenceType_NontemporalMultiStep.modelParams|spParams|synPermInactiveDec_0.0003,  28629,  None,  None,  0.1,  12,  16,  521,  5,  521,  521,  NontemporalMultiStep,  0.0003,  0.256541551813,  1.45977766965, 
1041,  12077,  completed,  eof,  2014-05-04 18:00:08,  2014-05-04 18:03:31,  203,  modelParams|sensorParams|encoders|rwidth:n_521.modelParams|clParams|alpha_0.1.modelParams|tpParams|minThreshold_12.modelParams|tpParams|activationThreshold_16.modelParams|tpParams|pamLength_5.modelParams|sensorParams|encoders|lpos:n_521.modelParams|sensorParams|encoders|_classifierInput|n_521.modelParams|inferenceType_NontemporalMultiStep.modelParams|spParams|synPermInactiveDec_0.0003,  28629,  521,  None,  0.1,  12,  16,  None,  5,  521,  521,  NontemporalMultiStep,  0.0003,  0.234886900132,  1.33655795439, 
1041,  12078,  completed,  eof,  2014-05-04 18:00:46,  2014-05-04 18:02:39,  113,  modelParams|clParams|alpha_0.025075.modelParams|tpParams|minThreshold_10.modelParams|tpParams|activationThreshold_13.modelParams|sensorParams|encoders|lwidth:n_147.modelParams|tpParams|pamLength_2.modelParams|sensorParams|encoders|lpos:n_496.modelParams|sensorParams|encoders|_classifierInput|n_151.modelParams|inferenceType_NontemporalMultiStep.modelParams|spParams|synPermInactiveDec_0.075075,  28629,  None,  None,  0.025075,  10,  13,  147,  2,  496,  151,  NontemporalMultiStep,  0.075075,  0.219858405459,  1.2510425251, 
1041,  12089,  completed,  eof,  2014-05-04 18:00:46,  2014-05-04 18:02:39,  113,  modelParams|sensorParams|encoders|rwidth:n_147.modelParams|clParams|alpha_0.025075.modelParams|tpParams|minThreshold_10.modelParams|tpParams|activationThreshold_13.modelParams|tpParams|pamLength_2.modelParams|sensorParams|encoders|lpos:n_496.modelParams|sensorParams|encoders|_classifierInput|n_151.modelParams|inferenceType_NontemporalMultiStep.modelParams|spParams|synPermInactiveDec_0.075075,  28629,  147,  None,  0.025075,  10,  13,  None,  2,  496,  151,  NontemporalMultiStep,  0.075075,  0.224289642445,  1.27625723498, 
1041,  12090,  completed,  eof,  2014-05-04 18:02:39,  2014-05-04 18:05:13,  154,  modelParams|clParams|alpha_0.075025.modelParams|tpParams|minThreshold_11.modelParams|tpParams|activationThreshold_15.modelParams|sensorParams|encoders|lwidth:n_396.modelParams|tpParams|pamLength_4.modelParams|sensorParams|encoders|lpos:n_521.modelParams|sensorParams|encoders|_classifierInput|n_398.modelParams|inferenceType_NontemporalMultiStep.modelParams|spParams|synPermInactiveDec_0.025225,  28629,  None,  None,  0.075025,  11,  15,  396,  4,  521,  398,  NontemporalMultiStep,  0.025225,  0.352880795746,  2.00796908741, 
1041,  12101,  completed,  eof,  2014-05-04 18:02:40,  2014-05-04 18:05:16,  156,  modelParams|sensorParams|encoders|rwidth:n_396.modelParams|clParams|alpha_0.075025.modelParams|tpParams|minThreshold_11.modelParams|tpParams|activationThreshold_15.modelParams|tpParams|pamLength_4.modelParams|sensorParams|encoders|lpos:n_521.modelParams|sensorParams|encoders|_classifierInput|n_398.modelParams|inferenceType_NontemporalMultiStep.modelParams|spParams|synPermInactiveDec_0.025225,  28629,  396,  None,  0.075025,  11,  15,  None,  4,  521,  398,  NontemporalMultiStep,  0.025225,  0.331264298814,  1.88496648104, 
1041,  12102,  completed,  eof,  2014-05-04 18:03:30,  2014-05-04 18:15:09,  699,  modelParams|clParams|alpha_0.0145852851107.modelParams|tpParams|minThreshold_9.modelParams|tpParams|activationThreshold_12.modelParams|sensorParams|encoders|lwidth:n_88.modelParams|tpParams|pamLength_2.modelParams|sensorParams|encoders|lpos:n_521.modelParams|sensorParams|encoders|_classifierInput|n_82.modelParams|inferenceType_TemporalMultiStep.modelParams|spParams|synPermInactiveDec_0.0994105860035,  28629,  None,  None,  0.0145852851107,  9,  12,  88,  2,  521,  82,  TemporalMultiStep,  0.0994105860035,  0.141257578841,  0.803786590532, 
1041,  12103,  completed,  eof,  2014-05-04 18:03:31,  2014-05-04 18:13:56,  625,  modelParams|sensorParams|encoders|rwidth:n_94.modelParams|clParams|alpha_0.0106252494518.modelParams|tpParams|minThreshold_9.modelParams|tpParams|activationThreshold_13.modelParams|tpParams|pamLength_2.modelParams|sensorParams|encoders|lpos:n_521.modelParams|sensorParams|encoders|_classifierInput|n_82.modelParams|inferenceType_TemporalMultiStep.modelParams|spParams|synPermInactiveDec_0.0994105860035,  28629,  94,  None,  0.0106252494518,  9,  13,  None,  2,  521,  82,  TemporalMultiStep,  0.0994105860035,  0.162035426809,  0.922017100449, 
1041,  12104,  completed,  eof,  2014-05-04 18:05:13,  2014-05-04 18:16:04,  651,  modelParams|clParams|alpha_0.0001.modelParams|tpParams|minThreshold_9.modelParams|tpParams|activationThreshold_12.modelParams|sensorParams|encoders|lwidth:n_22.modelParams|tpParams|pamLength_1.modelParams|sensorParams|encoders|lpos:n_521.modelParams|sensorParams|encoders|_classifierInput|n_53.modelParams|inferenceType_TemporalMultiStep.modelParams|spParams|synPermInactiveDec_0.095015,  28629,  None,  None,  0.0001,  9,  12,  22,  1,  521,  53,  TemporalMultiStep,  0.095015,  0.150851957021,  0.858380705681, 
1041,  12105,  completed,  eof,  2014-05-04 18:05:16,  2014-05-04 18:15:48,  632,  modelParams|sensorParams|encoders|rwidth:n_22.modelParams|clParams|alpha_0.005095.modelParams|tpParams|minThreshold_9.modelParams|tpParams|activationThreshold_12.modelParams|tpParams|pamLength_1.modelParams|sensorParams|encoders|lpos:n_521.modelParams|sensorParams|encoders|_classifierInput|n_53.modelParams|inferenceType_TemporalMultiStep.modelParams|spParams|synPermInactiveDec_0.095015,  28629,  22,  None,  0.005095,  9,  12,  None,  1,  521,  53,  TemporalMultiStep,  0.095015,  0.187769325155,  1.06844862351, 
1041,  12106,  completed,  eof,  2014-05-04 18:13:56,  2014-05-04 18:25:57,  721,  modelParams|clParams|alpha_0.0140855702213.modelParams|tpParams|minThreshold_9.modelParams|tpParams|activationThreshold_12.modelParams|sensorParams|encoders|lwidth:n_79.modelParams|tpParams|pamLength_2.modelParams|sensorParams|encoders|lpos:n_521.modelParams|sensorParams|encoders|_classifierInput|n_112.modelParams|inferenceType_TemporalMultiStep.modelParams|spParams|synPermInactiveDec_0.093836172007,  28629,  None,  None,  0.0140855702213,  9,  12,  79,  2,  521,  112,  TemporalMultiStep,  0.093836172007,  0.141254243955,  0.803767614297, 
1041,  12107,  completed,  eof,  2014-05-04 18:15:09,  2014-05-04 18:27:12,  723,  modelParams|sensorParams|encoders|rwidth:n_150.modelParams|clParams|alpha_0.0255154379447.modelParams|tpParams|minThreshold_9.modelParams|tpParams|activationThreshold_13.modelParams|tpParams|pamLength_2.modelParams|sensorParams|encoders|lpos:n_521.modelParams|sensorParams|encoders|_classifierInput|n_160.modelParams|inferenceType_TemporalMultiStep.modelParams|spParams|synPermInactiveDec_0.0933126684946,  28629,  150,  None,  0.0255154379447,  9,  13,  None,  2,  521,  160,  TemporalMultiStep,  0.0933126684946,  0.195250439948,  1.11101780671, 
1041,  12108,  completed,  eof,  2014-05-04 18:15:48,  2014-05-04 18:27:11,  683,  modelParams|clParams|alpha_0.0115832858119.modelParams|tpParams|minThreshold_9.modelParams|tpParams|activationThreshold_12.modelParams|sensorParams|encoders|lwidth:n_122.modelParams|tpParams|pamLength_2.modelParams|sensorParams|encoders|lpos:n_515.modelParams|sensorParams|encoders|_classifierInput|n_66.modelParams|inferenceType_TemporalMultiStep.modelParams|spParams|synPermInactiveDec_0.1,  28629,  None,  None,  0.0115832858119,  9,  12,  122,  2,  515,  66,  TemporalMultiStep,  0.1,  0.142585432713,  0.811342370158, 
1041,  12109,  completed,  eof,  2014-05-04 18:16:04,  2014-05-04 18:26:57,  653,  modelParams|sensorParams|encoders|rwidth:n_79.modelParams|clParams|alpha_0.00723006376706.modelParams|tpParams|minThreshold_9.modelParams|tpParams|activationThreshold_13.modelParams|tpParams|pamLength_2.modelParams|sensorParams|encoders|lpos:n_515.modelParams|sensorParams|encoders|_classifierInput|n_66.modelParams|inferenceType_TemporalMultiStep.modelParams|spParams|synPermInactiveDec_0.1,  28629,  79,  None,  0.00723006376706,  9,  13,  None,  2,  515,  66,  TemporalMultiStep,  0.1,  0.142479142347,  0.810737554672, 
1041,  12110,  completed,  eof,  2014-05-04 18:25:58,  2014-05-04 18:39:04,  786,  modelParams|clParams|alpha_0.0206687997124.modelParams|tpParams|minThreshold_9.modelParams|tpParams|activationThreshold_12.modelParams|sensorParams|encoders|lwidth:n_107.modelParams|tpParams|pamLength_3.modelParams|sensorParams|encoders|lpos:n_521.modelParams|sensorParams|encoders|_classifierInput|n_171.modelParams|inferenceType_TemporalMultiStep.modelParams|spParams|synPermInactiveDec_0.0811788133801,  28629,  None,  None,  0.0206687997124,  9,  12,  107,  3,  521,  171,  TemporalMultiStep,  0.0811788133801,  0.152650726883,  0.868616100531, 
1041,  12111,  completed,  eof,  2014-05-04 18:26:57,  2014-05-04 18:38:45,  708,  modelParams|sensorParams|encoders|rwidth:n_115.modelParams|clParams|alpha_0.0197310279099.modelParams|tpParams|minThreshold_9.modelParams|tpParams|activationThreshold_13.modelParams|tpParams|pamLength_2.modelParams|sensorParams|encoders|lpos:n_521.modelParams|sensorParams|encoders|_classifierInput|n_130.modelParams|inferenceType_TemporalMultiStep.modelParams|spParams|synPermInactiveDec_0.0866533790052,  28629,  115,  None,  0.0197310279099,  9,  13,  None,  2,  521,  130,  TemporalMultiStep,  0.0866533790052,  0.146887964775,  0.835824720801, 
1041,  12112,  completed,  eof,  2014-05-04 18:27:11,  2014-05-04 18:38:49,  698,  modelParams|clParams|alpha_0.00531433517812.modelParams|tpParams|minThreshold_9.modelParams|tpParams|activationThreshold_12.modelParams|sensorParams|encoders|lwidth:n_34.modelParams|tpParams|pamLength_1.modelParams|sensorParams|encoders|lpos:n_521.modelParams|sensorParams|encoders|_classifierInput|n_60.modelParams|inferenceType_TemporalMultiStep.modelParams|spParams|synPermInactiveDec_0.1,  28629,  None,  None,  0.00531433517812,  9,  12,  34,  1,  521,  60,  TemporalMultiStep,  0.1,  0.155868753214,  0.886927375821, 
1041,  12113,  completed,  eof,  2014-05-04 18:27:12,  2014-05-04 18:38:34,  682,  modelParams|sensorParams|encoders|rwidth:n_37.modelParams|clParams|alpha_0.0001.modelParams|tpParams|minThreshold_9.modelParams|tpParams|activationThreshold_12.modelParams|tpParams|pamLength_1.modelParams|sensorParams|encoders|lpos:n_517.modelParams|sensorParams|encoders|_classifierInput|n_28.modelParams|inferenceType_TemporalMultiStep.modelParams|spParams|synPermInactiveDec_0.1,  28629,  37,  None,  0.0001,  9,  12,  None,  1,  517,  28,  TemporalMultiStep,  0.1,  0.201803182266,  1.14830434701, 
1041,  12114,  completed,  eof,  2014-05-04 18:38:34,  2014-05-04 18:50:45,  731,  modelParams|clParams|alpha_0.0101796220464.modelParams|tpParams|minThreshold_9.modelParams|tpParams|activationThreshold_12.modelParams|sensorParams|encoders|lwidth:n_63.modelParams|tpParams|pamLength_2.modelParams|sensorParams|encoders|lpos:n_521.modelParams|sensorParams|encoders|_classifierInput|n_111.modelParams|inferenceType_TemporalMultiStep.modelParams|spParams|synPermInactiveDec_0.0927217429752,  28629,  None,  None,  0.0101796220464,  9,  12,  63,  2,  521,  111,  TemporalMultiStep,  0.0927217429752,  0.147743471348,  0.840692740749, 
1041,  12115,  completed,  eof,  2014-05-04 18:38:45,  2014-05-04 18:50:05,  680,  modelParams|sensorParams|encoders|rwidth:n_62.modelParams|clParams|alpha_0.00824242867742.modelParams|tpParams|minThreshold_9.modelParams|tpParams|activationThreshold_13.modelParams|tpParams|pamLength_2.modelParams|sensorParams|encoders|lpos:n_517.modelParams|sensorParams|encoders|_classifierInput|n_70.modelParams|inferenceType_TemporalMultiStep.modelParams|spParams|synPermInactiveDec_0.0981963086003,  28629,  62,  None,  0.00824242867742,  9,  13,  None,  2,  517,  70,  TemporalMultiStep,  0.0981963086003,  0.154647597155,  0.879978730135, 
1041,  12116,  completed,  eof,  2014-05-04 18:38:50,  2014-05-04 18:49:21,  631,  modelParams|clParams|alpha_0.0001.modelParams|tpParams|minThreshold_9.modelParams|tpParams|activationThreshold_12.modelParams|sensorParams|encoders|lwidth:n_22.modelParams|tpParams|pamLength_1.modelParams|sensorParams|encoders|lpos:n_521.modelParams|sensorParams|encoders|_classifierInput|n_28.modelParams|inferenceType_TemporalMultiStep.modelParams|spParams|synPermInactiveDec_0.1,  28629,  None,  None,  0.0001,  9,  12,  22,  1,  521,  28,  TemporalMultiStep,  0.1,  0.201308614916,  1.14549015037, 
1041,  12117,  completed,  eof,  2014-05-04 18:39:04,  2014-05-04 18:50:00,  656,  modelParams|sensorParams|encoders|rwidth:n_22.modelParams|clParams|alpha_0.0001.modelParams|tpParams|minThreshold_9.modelParams|tpParams|activationThreshold_13.modelParams|tpParams|pamLength_2.modelParams|sensorParams|encoders|lpos:n_517.modelParams|sensorParams|encoders|_classifierInput|n_28.modelParams|inferenceType_TemporalMultiStep.modelParams|spParams|synPermInactiveDec_0.1,  28629,  22,  None,  0.0001,  9,  13,  None,  2,  517,  28,  TemporalMultiStep,  0.1,  0.207132291001,  1.17862814398, 
1041,  12118,  completed,  eof,  2014-05-04 18:49:21,  2014-05-04 19:01:06,  705,  modelParams|clParams|alpha_0.0102372184016.modelParams|tpParams|minThreshold_9.modelParams|tpParams|activationThreshold_12.modelParams|sensorParams|encoders|lwidth:n_80.modelParams|tpParams|pamLength_2.modelParams|sensorParams|encoders|lpos:n_521.modelParams|sensorParams|encoders|_classifierInput|n_85.modelParams|inferenceType_TemporalMultiStep.modelParams|spParams|synPermInactiveDec_0.1,  28629,  None,  None,  0.0102372184016,  9,  12,  80,  2,  521,  85,  TemporalMultiStep,  0.1,  0.13747623978,  0.782269942314, 
1041,  12119,  completed,  eof,  2014-05-04 18:50:00,  2014-05-04 19:00:43,  643,  modelParams|sensorParams|encoders|rwidth:n_62.modelParams|clParams|alpha_0.00276882970882.modelParams|tpParams|minThreshold_9.modelParams|tpParams|activationThreshold_13.modelParams|tpParams|pamLength_2.modelParams|sensorParams|encoders|lpos:n_520.modelParams|sensorParams|encoders|_classifierInput|n_45.modelParams|inferenceType_TemporalMultiStep.modelParams|spParams|synPermInactiveDec_0.1,  28629,  62,  None,  0.00276882970882,  9,  13,  None,  2,  520,  45,  TemporalMultiStep,  0.1,  0.157830881711,  0.898092317108, 
1041,  12120,  completed,  eof,  2014-05-04 18:50:05,  2014-05-04 19:00:52,  647,  modelParams|clParams|alpha_0.00174730543107.modelParams|tpParams|minThreshold_9.modelParams|tpParams|activationThreshold_12.modelParams|sensorParams|encoders|lwidth:n_22.modelParams|tpParams|pamLength_1.modelParams|sensorParams|encoders|lpos:n_521.modelParams|sensorParams|encoders|_classifierInput|n_62.modelParams|inferenceType_TemporalMultiStep.modelParams|spParams|synPermInactiveDec_0.1,  28629,  None,  None,  0.00174730543107,  9,  12,  22,  1,  521,  62,  TemporalMultiStep,  0.1,  0.167867141525,  0.955200835634, 
1041,  12121,  completed,  eof,  2014-05-04 18:50:46,  2014-05-04 19:01:05,  619,  modelParams|sensorParams|encoders|rwidth:n_22.modelParams|clParams|alpha_0.0001.modelParams|tpParams|minThreshold_9.modelParams|tpParams|activationThreshold_13.modelParams|tpParams|pamLength_2.modelParams|sensorParams|encoders|lpos:n_515.modelParams|sensorParams|encoders|_classifierInput|n_28.modelParams|inferenceType_TemporalMultiStep.modelParams|spParams|synPermInactiveDec_0.1,  28629,  22,  None,  0.0001,  9,  13,  None,  2,  515,  28,  TemporalMultiStep,  0.1,  0.204875882315,  1.1657886839, 
1041,  12122,  completed,  eof,  2014-05-04 19:00:43,  2014-05-04 19:13:00,  737,  modelParams|clParams|alpha_0.0125483351845.modelParams|tpParams|minThreshold_9.modelParams|tpParams|activationThreshold_12.modelParams|sensorParams|encoders|lwidth:n_74.modelParams|tpParams|pamLength_2.modelParams|sensorParams|encoders|lpos:n_521.modelParams|sensorParams|encoders|_classifierInput|n_105.modelParams|inferenceType_TemporalMultiStep.modelParams|spParams|synPermInactiveDec_0.0962164530589,  28629,  None,  None,  0.0125483351845,  9,  12,  74,  2,  521,  105,  TemporalMultiStep,  0.0962164530589,  0.160215823739,  0.911663160086, 
1041,  12123,  completed,  killed,  2014-05-04 19:00:52,  2014-05-04 19:01:05,  13,  modelParams|sensorParams|encoders|rwidth:n_72.modelParams|clParams|alpha_0.00561631060434.modelParams|tpParams|minThreshold_9.modelParams|tpParams|activationThreshold_13.modelParams|tpParams|pamLength_2.modelParams|sensorParams|encoders|lpos:n_514.modelParams|sensorParams|encoders|_classifierInput|n_57.modelParams|inferenceType_TemporalMultiStep.modelParams|spParams|synPermInactiveDec_0.1,  1000,  72,  None,  0.00561631060434,  9,  13,  None,  2,  514,  57,  TemporalMultiStep,  0.1,  0.382419628768,  83.2733759064, 
1041,  12124,  completed,  eof,  2014-05-04 19:01:05,  2014-05-04 19:13:26,  741,  modelParams|clParams|alpha_0.0158633623834.modelParams|tpParams|minThreshold_9.modelParams|tpParams|activationThreshold_12.modelParams|sensorParams|encoders|lwidth:n_87.modelParams|tpParams|pamLength_2.modelParams|sensorParams|encoders|lpos:n_521.modelParams|sensorParams|encoders|_classifierInput|n_126.modelParams|inferenceType_TemporalMultiStep.modelParams|spParams|synPermInactiveDec_0.093138238116,  28629,  None,  None,  0.0158633623834,  9,  12,  87,  2,  521,  126,  TemporalMultiStep,  0.093138238116,  0.17853443104,  1.01590005149, 
1041,  12125,  completed,  eof,  2014-05-04 19:01:05,  2014-05-04 19:13:05,  720,  modelParams|clParams|alpha_0.00975010906864.modelParams|tpParams|minThreshold_9.modelParams|tpParams|activationThreshold_12.modelParams|sensorParams|encoders|lwidth:n_58.modelParams|tpParams|pamLength_2.modelParams|sensorParams|encoders|lpos:n_521.modelParams|sensorParams|encoders|_classifierInput|n_93.modelParams|inferenceType_TemporalMultiStep.modelParams|spParams|synPermInactiveDec_0.0988027869714,  28629,  None,  None,  0.00975010906864,  9,  12,  58,  2,  521,  93,  TemporalMultiStep,  0.0988027869714,  0.154103154115,  0.876880729887, 
1041,  12126,  completed,  eof,  2014-05-04 19:01:06,  2014-05-04 19:13:25,  739,  modelParams|clParams|alpha_0.00990070154896.modelParams|tpParams|minThreshold_9.modelParams|tpParams|activationThreshold_12.modelParams|sensorParams|encoders|lwidth:n_70.modelParams|tpParams|pamLength_2.modelParams|sensorParams|encoders|lpos:n_521.modelParams|sensorParams|encoders|_classifierInput|n_90.modelParams|inferenceType_TemporalMultiStep.modelParams|spParams|synPermInactiveDec_0.1,  28629,  None,  None,  0.00990070154896,  9,  12,  70,  2,  521,  90,  TemporalMultiStep,  0.1,  0.153428724105,  0.873043075278, 
1041,  12127,  completed,  eof,  2014-05-04 19:13:00,  2014-05-04 19:24:48,  708,  modelParams|clParams|alpha_0.0088879877985.modelParams|tpParams|minThreshold_9.modelParams|tpParams|activationThreshold_12.modelParams|sensorParams|encoders|lwidth:n_71.modelParams|tpParams|pamLength_2.modelParams|sensorParams|encoders|lpos:n_521.modelParams|sensorParams|encoders|_classifierInput|n_77.modelParams|inferenceType_TemporalMultiStep.modelParams|spParams|synPermInactiveDec_0.1,  28629,  None,  None,  0.0088879877985,  9,  12,  71,  2,  521,  77,  TemporalMultiStep,  0.1,  0.123434687986,  0.702370434375, 
1041,  12128,  completed,  eof,  2014-05-04 19:13:05,  2014-05-04 19:24:50,  705,  modelParams|clParams|alpha_0.0130224586715.modelParams|tpParams|minThreshold_9.modelParams|tpParams|activationThreshold_12.modelParams|sensorParams|encoders|lwidth:n_93.modelParams|tpParams|pamLength_2.modelParams|sensorParams|encoders|lpos:n_521.modelParams|sensorParams|encoders|_classifierInput|n_94.modelParams|inferenceType_TemporalMultiStep.modelParams|spParams|synPermInactiveDec_0.0994439109955,  28629,  None,  None,  0.0130224586715,  9,  12,  93,  2,  521,  94,  TemporalMultiStep,  0.0994439109955,  0.144577558094,  0.822678000296, 
1041,  12129,  completed,  eof,  2014-05-04 19:13:25,  2014-05-04 19:25:23,  718,  modelParams|clParams|alpha_0.0137015102261.modelParams|tpParams|minThreshold_9.modelParams|tpParams|activationThreshold_12.modelParams|sensorParams|encoders|lwidth:n_92.modelParams|tpParams|pamLength_2.modelParams|sensorParams|encoders|lpos:n_521.modelParams|sensorParams|encoders|_classifierInput|n_106.modelParams|inferenceType_TemporalMultiStep.modelParams|spParams|synPermInactiveDec_0.0983028454469,  28629,  None,  None,  0.0137015102261,  9,  12,  92,  2,  521,  106,  TemporalMultiStep,  0.0983028454469,  0.140203803196,  0.797790376095, 
1041,  12130,  completed,  eof,  2014-05-04 19:13:26,  2014-05-04 19:25:13,  707,  modelParams|clParams|alpha_0.0112269149821.modelParams|tpParams|minThreshold_9.modelParams|tpParams|activationThreshold_12.modelParams|sensorParams|encoders|lwidth:n_80.modelParams|tpParams|pamLength_2.modelParams|sensorParams|encoders|lpos:n_521.modelParams|sensorParams|encoders|_classifierInput|n_91.modelParams|inferenceType_TemporalMultiStep.modelParams|spParams|synPermInactiveDec_0.0992308202556,  28629,  None,  None,  0.0112269149821,  9,  12,  80,  2,  521,  91,  TemporalMultiStep,  0.0992308202556,  0.139462199181,  0.793570486675, 
1041,  12131,  completed,  eof,  2014-05-04 19:24:48,  2014-05-04 19:36:39,  711,  modelParams|clParams|alpha_0.00908509100104.modelParams|tpParams|minThreshold_9.modelParams|tpParams|activationThreshold_12.modelParams|sensorParams|encoders|lwidth:n_71.modelParams|tpParams|pamLength_2.modelParams|sensorParams|encoders|lpos:n_521.modelParams|sensorParams|encoders|_classifierInput|n_79.modelParams|inferenceType_TemporalMultiStep.modelParams|spParams|synPermInactiveDec_0.1,  28629,  None,  None,  0.00908509100104,  9,  12,  71,  2,  521,  79,  TemporalMultiStep,  0.1,  0.123675719628,  0.703741957259, 
1041,  12132,  completed,  eof,  2014-05-04 19:24:50,  2014-05-04 19:37:03,  733,  modelParams|clParams|alpha_0.0106731583904.modelParams|tpParams|minThreshold_9.modelParams|tpParams|activationThreshold_12.modelParams|sensorParams|encoders|lwidth:n_83.modelParams|tpParams|pamLength_3.modelParams|sensorParams|encoders|lpos:n_521.modelParams|sensorParams|encoders|_classifierInput|n_81.modelParams|inferenceType_TemporalMultiStep.modelParams|spParams|synPermInactiveDec_0.1,  28629,  None,  None,  0.0106731583904,  9,  12,  83,  3,  521,  81,  TemporalMultiStep,  0.1,  0.147454436773,  0.839048070658, 
1041,  12133,  completed,  eof,  2014-05-04 19:25:14,  2014-05-04 19:36:55,  701,  modelParams|clParams|alpha_0.0102045469477.modelParams|tpParams|minThreshold_9.modelParams|tpParams|activationThreshold_12.modelParams|sensorParams|encoders|lwidth:n_78.modelParams|tpParams|pamLength_2.modelParams|sensorParams|encoders|lpos:n_521.modelParams|sensorParams|encoders|_classifierInput|n_74.modelParams|inferenceType_TemporalMultiStep.modelParams|spParams|synPermInactiveDec_0.1,  28629,  None,  None,  0.0102045469477,  9,  12,  78,  2,  521,  74,  TemporalMultiStep,  0.1,  0.134950427803,  0.767897518449, 
1041,  12134,  completed,  eof,  2014-05-04 19:25:23,  2014-05-04 19:36:49,  686,  modelParams|clParams|alpha_0.0107903866409.modelParams|tpParams|minThreshold_9.modelParams|tpParams|activationThreshold_12.modelParams|sensorParams|encoders|lwidth:n_83.modelParams|tpParams|pamLength_2.modelParams|sensorParams|encoders|lpos:n_521.modelParams|sensorParams|encoders|_classifierInput|n_84.modelParams|inferenceType_TemporalMultiStep.modelParams|spParams|synPermInactiveDec_0.0996852324304,  28629,  None,  None,  0.0107903866409,  9,  12,  83,  2,  521,  84,  TemporalMultiStep,  0.0996852324304,  0.133901115959,  0.761926704024, 
1041,  12135,  completed,  killed,  2014-05-04 19:36:39,  2014-05-04 19:37:04,  25,  modelParams|clParams|alpha_0.00817326205078.modelParams|tpParams|minThreshold_9.modelParams|tpParams|activationThreshold_12.modelParams|sensorParams|encoders|lwidth:n_71.modelParams|tpParams|pamLength_2.modelParams|sensorParams|encoders|lpos:n_521.modelParams|sensorParams|encoders|_classifierInput|n_70.modelParams|inferenceType_TemporalMultiStep.modelParams|spParams|synPermInactiveDec_0.1,  1750,  None,  None,  0.00817326205078,  9,  12,  71,  2,  521,  70,  TemporalMultiStep,  0.1,  0.288117591112,  36.1635620333, 
1041,  12136,  completed,  killed,  2014-05-04 19:36:49,  2014-05-04 19:37:03,  14,  modelParams|clParams|alpha_0.00872153392204.modelParams|tpParams|minThreshold_9.modelParams|tpParams|activationThreshold_12.modelParams|sensorParams|encoders|lwidth:n_71.modelParams|tpParams|pamLength_2.modelParams|sensorParams|encoders|lpos:n_521.modelParams|sensorParams|encoders|_classifierInput|n_74.modelParams|inferenceType_TemporalMultiStep.modelParams|spParams|synPermInactiveDec_0.1,  1100,  None,  None,  0.00872153392204,  9,  12,  71,  2,  521,  74,  TemporalMultiStep,  0.1,  0.416252837603,  80.7680624234, 
1041,  12137,  completed,  killed,  2014-05-04 19:36:55,  2014-05-04 19:37:03,  8,  modelParams|clParams|alpha_0.00843365044196.modelParams|tpParams|minThreshold_9.modelParams|tpParams|activationThreshold_12.modelParams|sensorParams|encoders|lwidth:n_68.modelParams|tpParams|pamLength_3.modelParams|sensorParams|encoders|lpos:n_521.modelParams|sensorParams|encoders|_classifierInput|n_71.modelParams|inferenceType_TemporalMultiStep.modelParams|spParams|synPermInactiveDec_0.1,  550,  None,  None,  0.00843365044196,  9,  12,  68,  3,  521,  71,  TemporalMultiStep,  0.1,  0.359352236118,  84.4143412447, 
1041,  12138,  completed,  eof,  2014-05-04 19:37:03,  2014-05-04 19:39:36,  153,  modelParams|sensorParams|encoders|rwidth:n_272.modelParams|clParams|alpha_0.05005.modelParams|tpParams|minThreshold_11.modelParams|tpParams|activationThreshold_14.modelParams|sensorParams|encoders|lwidth:n_272.modelParams|tpParams|pamLength_3.modelParams|sensorParams|encoders|lpos:n_521.modelParams|sensorParams|encoders|_classifierInput|n_275.modelParams|inferenceType_NontemporalMultiStep.modelParams|spParams|synPermInactiveDec_0.05015,  28629,  272,  None,  0.05005,  11,  14,  272,  3,  521,  275,  NontemporalMultiStep,  0.05015,  0.340823381804,  1.93935975882, 
1041,  12139,  completed,  eof,  2014-05-04 19:37:03,  2014-05-04 19:38:45,  102,  modelParams|sensorParams|encoders|rwidth:n_22.modelParams|clParams|alpha_0.0001.modelParams|tpParams|minThreshold_9.modelParams|tpParams|activationThreshold_12.modelParams|sensorParams|encoders|lwidth:n_22.modelParams|tpParams|pamLength_1.modelParams|sensorParams|encoders|lpos:n_521.modelParams|sensorParams|encoders|_classifierInput|n_28.modelParams|inferenceType_NontemporalMultiStep.modelParams|spParams|synPermInactiveDec_0.1,  28629,  22,  None,  0.0001,  9,  12,  22,  1,  521,  28,  NontemporalMultiStep,  0.1,  0.201090453774,  1.14424876564, 
1041,  12150,  completed,  eof,  2014-05-04 19:37:04,  2014-05-04 19:40:59,  235,  modelParams|sensorParams|encoders|rwidth:n_521.modelParams|clParams|alpha_0.1.modelParams|tpParams|minThreshold_12.modelParams|tpParams|activationThreshold_16.modelParams|sensorParams|encoders|lwidth:n_521.modelParams|tpParams|pamLength_5.modelParams|sensorParams|encoders|lpos:n_521.modelParams|sensorParams|encoders|_classifierInput|n_521.modelParams|inferenceType_NontemporalMultiStep.modelParams|spParams|synPermInactiveDec_0.0003,  28629,  521,  None,  0.1,  12,  16,  521,  5,  521,  521,  NontemporalMultiStep,  0.0003,  0.278362919542,  1.58394603577, 
1041,  12161,  completed,  eof,  2014-05-04 19:37:04,  2014-05-04 19:39:08,  124,  modelParams|sensorParams|encoders|rwidth:n_147.modelParams|clParams|alpha_0.025075.modelParams|tpParams|minThreshold_10.modelParams|tpParams|activationThreshold_13.modelParams|sensorParams|encoders|lwidth:n_147.modelParams|tpParams|pamLength_2.modelParams|sensorParams|encoders|lpos:n_496.modelParams|sensorParams|encoders|_classifierInput|n_151.modelParams|inferenceType_NontemporalMultiStep.modelParams|spParams|synPermInactiveDec_0.075075,  28629,  147,  None,  0.025075,  10,  13,  147,  2,  496,  151,  NontemporalMultiStep,  0.075075,  0.218881649516,  1.24548456966, 
1041,  12162,  completed,  eof,  2014-05-04 19:38:45,  2014-05-04 19:41:28,  163,  modelParams|sensorParams|encoders|rwidth:n_396.modelParams|clParams|alpha_0.075025.modelParams|tpParams|minThreshold_11.modelParams|tpParams|activationThreshold_15.modelParams|sensorParams|encoders|lwidth:n_396.modelParams|tpParams|pamLength_4.modelParams|sensorParams|encoders|lpos:n_496.modelParams|sensorParams|encoders|_classifierInput|n_398.modelParams|inferenceType_NontemporalMultiStep.modelParams|spParams|synPermInactiveDec_0.025225,  28629,  396,  None,  0.075025,  11,  15,  396,  4,  496,  398,  NontemporalMultiStep,  0.025225,  0.333521850147,  1.89781244303, 
1041,  12163,  completed,  eof,  2014-05-04 19:39:08,  2014-05-04 19:40:53,  105,  modelParams|sensorParams|encoders|rwidth:n_22.modelParams|clParams|alpha_0.005095.modelParams|tpParams|minThreshold_9.modelParams|tpParams|activationThreshold_12.modelParams|sensorParams|encoders|lwidth:n_22.modelParams|tpParams|pamLength_1.modelParams|sensorParams|encoders|lpos:n_521.modelParams|sensorParams|encoders|_classifierInput|n_53.modelParams|inferenceType_NontemporalMultiStep.modelParams|spParams|synPermInactiveDec_0.095015,  28629,  22,  None,  0.005095,  9,  12,  22,  1,  521,  53,  NontemporalMultiStep,  0.095015,  0.153824733426,  0.875296455129, 
1041,  12164,  completed,  eof,  2014-05-04 19:39:36,  2014-05-04 19:41:24,  108,  modelParams|sensorParams|encoders|rwidth:n_94.modelParams|clParams|alpha_0.0106252494518.modelParams|tpParams|minThreshold_9.modelParams|tpParams|activationThreshold_13.modelParams|sensorParams|encoders|lwidth:n_93.modelParams|tpParams|pamLength_1.modelParams|sensorParams|encoders|lpos:n_521.modelParams|sensorParams|encoders|_classifierInput|n_48.modelParams|inferenceType_NontemporalMultiStep.modelParams|spParams|synPermInactiveDec_0.1,  28629,  94,  None,  0.0106252494518,  9,  13,  93,  1,  521,  48,  NontemporalMultiStep,  0.1,  0.156869596595,  0.892622394063, 
1041,  12165,  completed,  eof,  2014-05-04 19:40:53,  2014-05-04 19:42:30,  97,  modelParams|sensorParams|encoders|rwidth:n_22.modelParams|clParams|alpha_0.00231209978071.modelParams|tpParams|minThreshold_9.modelParams|tpParams|activationThreshold_12.modelParams|sensorParams|encoders|lwidth:n_70.modelParams|tpParams|pamLength_1.modelParams|sensorParams|encoders|lpos:n_512.modelParams|sensorParams|encoders|_classifierInput|n_28.modelParams|inferenceType_NontemporalMultiStep.modelParams|spParams|synPermInactiveDec_0.1,  28629,  22,  None,  0.00231209978071,  9,  12,  70,  1,  512,  28,  NontemporalMultiStep,  0.1,  0.221716925593,  1.26161791209, 
1041,  12166,  completed,  eof,  2014-05-04 19:40:59,  2014-05-04 19:42:43,  104,  modelParams|sensorParams|encoders|rwidth:n_92.modelParams|clParams|alpha_0.0205974739584.modelParams|tpParams|minThreshold_9.modelParams|tpParams|activationThreshold_12.modelParams|sensorParams|encoders|lwidth:n_91.modelParams|tpParams|pamLength_1.modelParams|sensorParams|encoders|lpos:n_521.modelParams|sensorParams|encoders|_classifierInput|n_69.modelParams|inferenceType_NontemporalMultiStep.modelParams|spParams|synPermInactiveDec_0.1,  28629,  92,  None,  0.0205974739584,  9,  12,  91,  1,  521,  69,  NontemporalMultiStep,  0.1,  0.194286842143,  1.10553472396, 
1041,  12167,  completed,  eof,  2014-05-04 19:41:24,  2014-05-04 19:43:03,  99,  modelParams|sensorParams|encoders|rwidth:n_22.modelParams|clParams|alpha_0.00634375.modelParams|tpParams|minThreshold_9.modelParams|tpParams|activationThreshold_12.modelParams|sensorParams|encoders|lwidth:n_22.modelParams|tpParams|pamLength_1.modelParams|sensorParams|encoders|lpos:n_521.modelParams|sensorParams|encoders|_classifierInput|n_59.modelParams|inferenceType_NontemporalMultiStep.modelParams|spParams|synPermInactiveDec_0.09376875,  28629,  22,  None,  0.00634375,  9,  12,  22,  1,  521,  59,  NontemporalMultiStep,  0.09376875,  0.155694679617,  0.885936858892, 
1041,  12168,  completed,  eof,  2014-05-04 19:41:28,  2014-05-04 19:43:23,  115,  modelParams|sensorParams|encoders|rwidth:n_117.modelParams|clParams|alpha_0.0001.modelParams|tpParams|minThreshold_10.modelParams|tpParams|activationThreshold_12.modelParams|sensorParams|encoders|lwidth:n_22.modelParams|tpParams|pamLength_2.modelParams|sensorParams|encoders|lpos:n_521.modelParams|sensorParams|encoders|_classifierInput|n_148.modelParams|inferenceType_NontemporalMultiStep.modelParams|spParams|synPermInactiveDec_0.0754817509523,  28629,  117,  None,  0.0001,  10,  12,  22,  2,  521,  148,  NontemporalMultiStep,  0.0754817509523,  0.140996774775,  0.802302558218, 
1041,  12169,  completed,  eof,  2014-05-04 19:42:31,  2014-05-04 19:44:14,  103,  modelParams|sensorParams|encoders|rwidth:n_68.modelParams|clParams|alpha_0.0178323492325.modelParams|tpParams|minThreshold_9.modelParams|tpParams|activationThreshold_12.modelParams|sensorParams|encoders|lwidth:n_68.modelParams|tpParams|pamLength_1.modelParams|sensorParams|encoders|lpos:n_512.modelParams|sensorParams|encoders|_classifierInput|n_71.modelParams|inferenceType_NontemporalMultiStep.modelParams|spParams|synPermInactiveDec_0.1,  28629,  68,  None,  0.0178323492325,  9,  12,  68,  1,  512,  71,  NontemporalMultiStep,  0.1,  0.154083001882,  0.87676605926, 
1041,  12170,  completed,  eof,  2014-05-04 19:42:43,  2014-05-04 19:44:20,  97,  modelParams|sensorParams|encoders|rwidth:n_22.modelParams|clParams|alpha_0.0001.modelParams|tpParams|minThreshold_9.modelParams|tpParams|activationThreshold_12.modelParams|sensorParams|encoders|lwidth:n_22.modelParams|tpParams|pamLength_1.modelParams|sensorParams|encoders|lpos:n_521.modelParams|sensorParams|encoders|_classifierInput|n_28.modelParams|inferenceType_NontemporalMultiStep.modelParams|spParams|synPermInactiveDec_0.1,  28629,  22,  None,  0.0001,  9,  12,  22,  1,  521,  28,  NontemporalMultiStep,  0.1,  0.201090453774,  1.14424876564, 
1041,  12171,  completed,  eof,  2014-05-04 19:43:03,  2014-05-04 19:44:43,  100,  modelParams|sensorParams|encoders|rwidth:n_23.modelParams|clParams|alpha_0.00427479072318.modelParams|tpParams|minThreshold_9.modelParams|tpParams|activationThreshold_12.modelParams|sensorParams|encoders|lwidth:n_31.modelParams|tpParams|pamLength_1.modelParams|sensorParams|encoders|lpos:n_520.modelParams|sensorParams|encoders|_classifierInput|n_55.modelParams|inferenceType_NontemporalMultiStep.modelParams|spParams|synPermInactiveDec_0.0947925052829,  28629,  23,  None,  0.00427479072318,  9,  12,  31,  1,  520,  55,  NontemporalMultiStep,  0.0947925052829,  0.154944618188,  0.881668844928, 
1041,  12172,  completed,  eof,  2014-05-04 19:43:23,  2014-05-04 19:45:00,  97,  modelParams|sensorParams|encoders|rwidth:n_22.modelParams|clParams|alpha_0.0001.modelParams|tpParams|minThreshold_9.modelParams|tpParams|activationThreshold_12.modelParams|sensorParams|encoders|lwidth:n_22.modelParams|tpParams|pamLength_1.modelParams|sensorParams|encoders|lpos:n_521.modelParams|sensorParams|encoders|_classifierInput|n_37.modelParams|inferenceType_NontemporalMultiStep.modelParams|spParams|synPermInactiveDec_0.1,  28629,  22,  None,  0.0001,  9,  12,  22,  1,  521,  37,  NontemporalMultiStep,  0.1,  0.158800687849,  0.903610726638, 
1041,  12173,  completed,  eof,  2014-05-04 19:44:14,  2014-05-04 19:46:14,  120,  modelParams|sensorParams|encoders|rwidth:n_141.modelParams|clParams|alpha_0.0001.modelParams|tpParams|minThreshold_10.modelParams|tpParams|activationThreshold_12.modelParams|sensorParams|encoders|lwidth:n_22.modelParams|tpParams|pamLength_2.modelParams|sensorParams|encoders|lpos:n_521.modelParams|sensorParams|encoders|_classifierInput|n_177.modelParams|inferenceType_NontemporalMultiStep.modelParams|spParams|synPermInactiveDec_0.0693521886904,  28629,  141,  None,  0.0001,  10,  12,  22,  2,  521,  177,  NontemporalMultiStep,  0.0693521886904,  0.14022158218,  0.797891542416, 
1041,  12174,  completed,  eof,  2014-05-04 19:44:20,  2014-05-04 19:46:01,  101,  modelParams|sensorParams|encoders|rwidth:n_26.modelParams|clParams|alpha_0.0001.modelParams|tpParams|minThreshold_9.modelParams|tpParams|activationThreshold_12.modelParams|sensorParams|encoders|lwidth:n_22.modelParams|tpParams|pamLength_1.modelParams|sensorParams|encoders|lpos:n_521.modelParams|sensorParams|encoders|_classifierInput|n_68.modelParams|inferenceType_NontemporalMultiStep.modelParams|spParams|synPermInactiveDec_0.0933003389096,  28629,  26,  None,  0.0001,  9,  12,  22,  1,  521,  68,  NontemporalMultiStep,  0.0933003389096,  0.152434232719,  0.867384201275, 
1041,  12175,  completed,  eof,  2014-05-04 19:44:43,  2014-05-04 19:46:40,  117,  modelParams|sensorParams|encoders|rwidth:n_97.modelParams|clParams|alpha_0.000819374395342.modelParams|tpParams|minThreshold_10.modelParams|tpParams|activationThreshold_12.modelParams|sensorParams|encoders|lwidth:n_22.modelParams|tpParams|pamLength_2.modelParams|sensorParams|encoders|lpos:n_521.modelParams|sensorParams|encoders|_classifierInput|n_149.modelParams|inferenceType_NontemporalMultiStep.modelParams|spParams|synPermInactiveDec_0.0732294539015,  28629,  97,  None,  0.000819374395342,  10,  12,  22,  2,  521,  149,  NontemporalMultiStep,  0.0732294539015,  0.131513376698,  0.748339944183, 
1041,  12176,  completed,  eof,  2014-05-04 19:45:00,  2014-05-04 19:46:55,  115,  modelParams|sensorParams|encoders|rwidth:n_92.modelParams|clParams|alpha_0.0001.modelParams|tpParams|minThreshold_10.modelParams|tpParams|activationThreshold_12.modelParams|sensorParams|encoders|lwidth:n_22.modelParams|tpParams|pamLength_2.modelParams|sensorParams|encoders|lpos:n_521.modelParams|sensorParams|encoders|_classifierInput|n_143.modelParams|inferenceType_NontemporalMultiStep.modelParams|spParams|synPermInactiveDec_0.0748593878764,  28629,  92,  None,  0.0001,  10,  12,  22,  2,  521,  143,  NontemporalMultiStep,  0.0748593878764,  0.140189795446,  0.797710668931, 
1041,  12177,  completed,  eof,  2014-05-04 19:46:01,  2014-05-04 19:47:59,  118,  modelParams|sensorParams|encoders|rwidth:n_100.modelParams|clParams|alpha_0.00105288763268.modelParams|tpParams|minThreshold_10.modelParams|tpParams|activationThreshold_13.modelParams|sensorParams|encoders|lwidth:n_22.modelParams|tpParams|pamLength_2.modelParams|sensorParams|encoders|lpos:n_521.modelParams|sensorParams|encoders|_classifierInput|n_156.modelParams|inferenceType_NontemporalMultiStep.modelParams|spParams|synPermInactiveDec_0.0717897430605,  28629,  100,  None,  0.00105288763268,  10,  13,  22,  2,  521,  156,  NontemporalMultiStep,  0.0717897430605,  0.131029240841,  0.745585105024, 
1041,  12178,  completed,  eof,  2014-05-04 19:46:14,  2014-05-04 19:48:14,  120,  modelParams|sensorParams|encoders|rwidth:n_97.modelParams|clParams|alpha_0.0001.modelParams|tpParams|minThreshold_10.modelParams|tpParams|activationThreshold_12.modelParams|sensorParams|encoders|lwidth:n_22.modelParams|tpParams|pamLength_2.modelParams|sensorParams|encoders|lpos:n_521.modelParams|sensorParams|encoders|_classifierInput|n_171.modelParams|inferenceType_NontemporalMultiStep.modelParams|spParams|synPermInactiveDec_0.0656345532712,  28629,  97,  None,  0.0001,  10,  12,  22,  2,  521,  171,  NontemporalMultiStep,  0.0656345532712,  0.144706588001,  0.823412208754, 
1041,  12179,  completed,  eof,  2014-05-04 19:46:40,  2014-05-04 19:48:38,  118,  modelParams|sensorParams|encoders|rwidth:n_111.modelParams|clParams|alpha_0.00043759810202.modelParams|tpParams|minThreshold_10.modelParams|tpParams|activationThreshold_12.modelParams|sensorParams|encoders|lwidth:n_22.modelParams|tpParams|pamLength_2.modelParams|sensorParams|encoders|lpos:n_521.modelParams|sensorParams|encoders|_classifierInput|n_156.modelParams|inferenceType_NontemporalMultiStep.modelParams|spParams|synPermInactiveDec_0.072176960914,  28629,  111,  None,  0.00043759810202,  10,  12,  22,  2,  521,  156,  NontemporalMultiStep,  0.072176960914,  0.133549725141,  0.759927213239, 
1041,  12180,  completed,  eof,  2014-05-04 19:46:55,  2014-05-04 19:48:50,  115,  modelParams|sensorParams|encoders|rwidth:n_73.modelParams|clParams|alpha_0.0001.modelParams|tpParams|minThreshold_11.modelParams|tpParams|activationThreshold_12.modelParams|sensorParams|encoders|lwidth:n_22.modelParams|tpParams|pamLength_3.modelParams|sensorParams|encoders|lpos:n_521.modelParams|sensorParams|encoders|_classifierInput|n_150.modelParams|inferenceType_NontemporalMultiStep.modelParams|spParams|synPermInactiveDec_0.0690703213833,  28629,  73,  None,  0.0001,  11,  12,  22,  3,  521,  150,  NontemporalMultiStep,  0.0690703213833,  0.142957584898,  0.813459997672, 
1041,  12181,  completed,  eof,  2014-05-04 19:47:59,  2014-05-04 19:50:00,  121,  modelParams|sensorParams|encoders|rwidth:n_119.modelParams|clParams|alpha_0.0001.modelParams|tpParams|minThreshold_11.modelParams|tpParams|activationThreshold_13.modelParams|sensorParams|encoders|lwidth:n_22.modelParams|tpParams|pamLength_3.modelParams|sensorParams|encoders|lpos:n_521.modelParams|sensorParams|encoders|_classifierInput|n_179.modelParams|inferenceType_NontemporalMultiStep.modelParams|spParams|synPermInactiveDec_0.0664767228827,  28629,  119,  None,  0.0001,  11,  13,  22,  3,  521,  179,  NontemporalMultiStep,  0.0664767228827,  0.141508014136,  0.805211622257, 
1041,  12182,  completed,  eof,  2014-05-04 19:48:14,  2014-05-04 19:50:14,  120,  modelParams|sensorParams|encoders|rwidth:n_116.modelParams|clParams|alpha_0.000622634807573.modelParams|tpParams|minThreshold_10.modelParams|tpParams|activationThreshold_13.modelParams|sensorParams|encoders|lwidth:n_22.modelParams|tpParams|pamLength_2.modelParams|sensorParams|encoders|lpos:n_521.modelParams|sensorParams|encoders|_classifierInput|n_184.modelParams|inferenceType_NontemporalMultiStep.modelParams|spParams|synPermInactiveDec_0.0651246533907,  28629,  116,  None,  0.000622634807573,  10,  13,  22,  2,  521,  184,  NontemporalMultiStep,  0.0651246533907,  0.127314380033,  0.724446732639, 
1041,  12183,  completed,  eof,  2014-05-04 19:48:38,  2014-05-04 19:50:41,  123,  modelParams|sensorParams|encoders|rwidth:n_119.modelParams|clParams|alpha_0.000247411860051.modelParams|tpParams|minThreshold_10.modelParams|tpParams|activationThreshold_13.modelParams|sensorParams|encoders|lwidth:n_22.modelParams|tpParams|pamLength_2.modelParams|sensorParams|encoders|lpos:n_521.modelParams|sensorParams|encoders|_classifierInput|n_182.modelParams|inferenceType_NontemporalMultiStep.modelParams|spParams|synPermInactiveDec_0.0660390525049,  28629,  119,  None,  0.000247411860051,  10,  13,  22,  2,  521,  182,  NontemporalMultiStep,  0.0660390525049,  0.138477807959,  0.787969084822, 
1041,  12184,  completed,  eof,  2014-05-04 19:48:50,  2014-05-04 19:50:51,  121,  modelParams|sensorParams|encoders|rwidth:n_118.modelParams|clParams|alpha_0.0001.modelParams|tpParams|minThreshold_11.modelParams|tpParams|activationThreshold_13.modelParams|sensorParams|encoders|lwidth:n_22.modelParams|tpParams|pamLength_3.modelParams|sensorParams|encoders|lpos:n_521.modelParams|sensorParams|encoders|_classifierInput|n_189.modelParams|inferenceType_NontemporalMultiStep.modelParams|spParams|synPermInactiveDec_0.0639602226533,  28629,  118,  None,  0.0001,  11,  13,  22,  3,  521,  189,  NontemporalMultiStep,  0.0639602226533,  0.142138906206,  0.808801536445, 
1041,  12185,  completed,  eof,  2014-05-04 19:50:01,  2014-05-04 19:51:58,  117,  modelParams|sensorParams|encoders|rwidth:n_95.modelParams|clParams|alpha_0.00106916494417.modelParams|tpParams|minThreshold_10.modelParams|tpParams|activationThreshold_13.modelParams|sensorParams|encoders|lwidth:n_22.modelParams|tpParams|pamLength_2.modelParams|sensorParams|encoders|lpos:n_521.modelParams|sensorParams|encoders|_classifierInput|n_151.modelParams|inferenceType_NontemporalMultiStep.modelParams|spParams|synPermInactiveDec_0.0724480093175,  28629,  95,  None,  0.00106916494417,  10,  13,  22,  2,  521,  151,  NontemporalMultiStep,  0.0724480093175,  0.127979734584,  0.728232745894, 
1041,  12186,  completed,  eof,  2014-05-04 19:50:14,  2014-05-04 19:52:18,  124,  modelParams|sensorParams|encoders|rwidth:n_120.modelParams|clParams|alpha_0.0001.modelParams|tpParams|minThreshold_10.modelParams|tpParams|activationThreshold_13.modelParams|sensorParams|encoders|lwidth:n_22.modelParams|tpParams|pamLength_2.modelParams|sensorParams|encoders|lpos:n_521.modelParams|sensorParams|encoders|_classifierInput|n_205.modelParams|inferenceType_NontemporalMultiStep.modelParams|spParams|synPermInactiveDec_0.0585787850697,  28629,  120,  None,  0.0001,  10,  13,  22,  2,  521,  205,  NontemporalMultiStep,  0.0585787850697,  0.14280909346,  0.81261504884, 
1041,  12187,  completed,  eof,  2014-05-04 19:50:41,  2014-05-04 19:52:41,  120,  modelParams|sensorParams|encoders|rwidth:n_116.modelParams|clParams|alpha_0.000435072148942.modelParams|tpParams|minThreshold_9.modelParams|tpParams|activationThreshold_13.modelParams|sensorParams|encoders|lwidth:n_22.modelParams|tpParams|pamLength_1.modelParams|sensorParams|encoders|lpos:n_521.modelParams|sensorParams|encoders|_classifierInput|n_184.modelParams|inferenceType_NontemporalMultiStep.modelParams|spParams|synPermInactiveDec_0.0650175835138,  28629,  116,  None,  0.000435072148942,  9,  13,  22,  1,  521,  184,  NontemporalMultiStep,  0.0650175835138,  0.133353119099,  0.758808481756, 
1041,  12188,  completed,  eof,  2014-05-04 19:50:51,  2014-05-04 19:52:54,  123,  modelParams|sensorParams|encoders|rwidth:n_122.modelParams|clParams|alpha_0.000753293509466.modelParams|tpParams|minThreshold_10.modelParams|tpParams|activationThreshold_13.modelParams|sensorParams|encoders|lwidth:n_22.modelParams|tpParams|pamLength_2.modelParams|sensorParams|encoders|lpos:n_521.modelParams|sensorParams|encoders|_classifierInput|n_195.modelParams|inferenceType_NontemporalMultiStep.modelParams|spParams|synPermInactiveDec_0.0626909697693,  28629,  122,  None,  0.000753293509466,  10,  13,  22,  2,  521,  195,  NontemporalMultiStep,  0.0626909697693,  0.130675458461,  0.74357200572, 
1041,  12189,  completed,  eof,  2014-05-04 19:51:58,  2014-05-04 19:53:58,  120,  modelParams|sensorParams|encoders|rwidth:n_116.modelParams|clParams|alpha_0.000562970891143.modelParams|tpParams|minThreshold_10.modelParams|tpParams|activationThreshold_13.modelParams|sensorParams|encoders|lwidth:n_22.modelParams|tpParams|pamLength_2.modelParams|sensorParams|encoders|lpos:n_521.modelParams|sensorParams|encoders|_classifierInput|n_183.modelParams|inferenceType_NontemporalMultiStep.modelParams|spParams|synPermInactiveDec_0.0650628101491,  28629,  116,  None,  0.000562970891143,  10,  13,  22,  2,  521,  183,  NontemporalMultiStep,  0.0650628101491,  0.127294883284,  0.724335791863, 
1041,  12190,  completed,  eof,  2014-05-04 19:52:18,  2014-05-04 19:54:20,  122,  modelParams|sensorParams|encoders|rwidth:n_121.modelParams|clParams|alpha_0.000181638034594.modelParams|tpParams|minThreshold_10.modelParams|tpParams|activationThreshold_13.modelParams|sensorParams|encoders|lwidth:n_22.modelParams|tpParams|pamLength_2.modelParams|sensorParams|encoders|lpos:n_521.modelParams|sensorParams|encoders|_classifierInput|n_189.modelParams|inferenceType_NontemporalMultiStep.modelParams|spParams|synPermInactiveDec_0.0648501948702,  28629,  121,  None,  0.000181638034594,  10,  13,  22,  2,  521,  189,  NontemporalMultiStep,  0.0648501948702,  0.137196066019,  0.780675692193, 
1041,  12191,  completed,  eof,  2014-05-04 19:52:41,  2014-05-04 19:54:40,  119,  modelParams|sensorParams|encoders|rwidth:n_108.modelParams|clParams|alpha_0.000829964416873.modelParams|tpParams|minThreshold_10.modelParams|tpParams|activationThreshold_13.modelParams|sensorParams|encoders|lwidth:n_22.modelParams|tpParams|pamLength_2.modelParams|sensorParams|encoders|lpos:n_521.modelParams|sensorParams|encoders|_classifierInput|n_183.modelParams|inferenceType_NontemporalMultiStep.modelParams|spParams|synPermInactiveDec_0.0642859877441,  28629,  108,  None,  0.000829964416873,  10,  13,  22,  2,  521,  183,  NontemporalMultiStep,  0.0642859877441,  0.128767334541,  0.732714362312, 
1041,  12192,  completed,  eof,  2014-05-04 19:52:54,  2014-05-04 19:54:58,  124,  modelParams|sensorParams|encoders|rwidth:n_128.modelParams|clParams|alpha_0.00025114570545.modelParams|tpParams|minThreshold_10.modelParams|tpParams|activationThreshold_13.modelParams|sensorParams|encoders|lwidth:n_22.modelParams|tpParams|pamLength_2.modelParams|sensorParams|encoders|lpos:n_521.modelParams|sensorParams|encoders|_classifierInput|n_197.modelParams|inferenceType_NontemporalMultiStep.modelParams|spParams|synPermInactiveDec_0.0633119657219,  28629,  128,  None,  0.00025114570545,  10,  13,  22,  2,  521,  197,  NontemporalMultiStep,  0.0633119657219,  0.138346697999,  0.787223040406, 
1041,  12193,  completed,  eof,  2014-05-04 19:53:58,  2014-05-04 19:55:59,  121,  modelParams|sensorParams|encoders|rwidth:n_110.modelParams|clParams|alpha_0.000720008416767.modelParams|tpParams|minThreshold_10.modelParams|tpParams|activationThreshold_12.modelParams|sensorParams|encoders|lwidth:n_22.modelParams|tpParams|pamLength_2.modelParams|sensorParams|encoders|lpos:n_521.modelParams|sensorParams|encoders|_classifierInput|n_175.modelParams|inferenceType_NontemporalMultiStep.modelParams|spParams|synPermInactiveDec_0.0668298945257,  28629,  110,  None,  0.000720008416767,  10,  12,  22,  2,  521,  175,  NontemporalMultiStep,  0.0668298945257,  0.131159104945,  0.746324060243, 
1041,  12194,  completed,  eof,  2014-05-04 19:54:20,  2014-05-04 19:56:21,  121,  modelParams|sensorParams|encoders|rwidth:n_117.modelParams|clParams|alpha_0.000586982031681.modelParams|tpParams|minThreshold_10.modelParams|tpParams|activationThreshold_13.modelParams|sensorParams|encoders|lwidth:n_22.modelParams|tpParams|pamLength_2.modelParams|sensorParams|encoders|lpos:n_521.modelParams|sensorParams|encoders|_classifierInput|n_182.modelParams|inferenceType_NontemporalMultiStep.modelParams|spParams|synPermInactiveDec_0.0653781024531,  28629,  117,  None,  0.000586982031681,  10,  13,  22,  2,  521,  182,  NontemporalMultiStep,  0.0653781024531,  0.132369167912,  0.753209583799, 
1041,  12195,  completed,  eof,  2014-05-04 19:54:40,  2014-05-04 19:56:39,  119,  modelParams|sensorParams|encoders|rwidth:n_116.modelParams|clParams|alpha_0.000641860648915.modelParams|tpParams|minThreshold_10.modelParams|tpParams|activationThreshold_13.modelParams|sensorParams|encoders|lwidth:n_22.modelParams|tpParams|pamLength_2.modelParams|sensorParams|encoders|lpos:n_521.modelParams|sensorParams|encoders|_classifierInput|n_184.modelParams|inferenceType_NontemporalMultiStep.modelParams|spParams|synPermInactiveDec_0.0648187495601,  28629,  116,  None,  0.000641860648915,  10,  13,  22,  2,  521,  184,  NontemporalMultiStep,  0.0648187495601,  0.128554833627,  0.731505185526, 
1041,  12196,  completed,  eof,  2014-05-04 19:54:58,  2014-05-04 19:56:59,  121,  modelParams|sensorParams|encoders|rwidth:n_118.modelParams|clParams|alpha_0.000541160863838.modelParams|tpParams|minThreshold_9.modelParams|tpParams|activationThreshold_13.modelParams|sensorParams|encoders|lwidth:n_22.modelParams|tpParams|pamLength_1.modelParams|sensorParams|encoders|lpos:n_521.modelParams|sensorParams|encoders|_classifierInput|n_183.modelParams|inferenceType_NontemporalMultiStep.modelParams|spParams|synPermInactiveDec_0.0653116190604,  28629,  118,  None,  0.000541160863838,  9,  13,  22,  1,  521,  183,  NontemporalMultiStep,  0.0653116190604,  0.131521102519,  0.748383905795, 
1041,  12197,  completed,  eof,  2014-05-04 19:55:59,  2014-05-04 19:58:00,  121,  modelParams|sensorParams|encoders|rwidth:n_114.modelParams|clParams|alpha_0.000587149956938.modelParams|tpParams|minThreshold_10.modelParams|tpParams|activationThreshold_13.modelParams|sensorParams|encoders|lwidth:n_22.modelParams|tpParams|pamLength_2.modelParams|sensorParams|encoders|lpos:n_521.modelParams|sensorParams|encoders|_classifierInput|n_183.modelParams|inferenceType_NontemporalMultiStep.modelParams|spParams|synPermInactiveDec_0.0652318179974,  28629,  114,  None,  0.000587149956938,  10,  13,  22,  2,  521,  183,  NontemporalMultiStep,  0.0652318179974,  0.131757845225,  0.749731023691, 
1041,  12198,  completed,  eof,  2014-05-04 19:56:21,  2014-05-04 19:58:22,  121,  modelParams|sensorParams|encoders|rwidth:n_120.modelParams|clParams|alpha_0.000566233372315.modelParams|tpParams|minThreshold_10.modelParams|tpParams|activationThreshold_13.modelParams|sensorParams|encoders|lwidth:n_22.modelParams|tpParams|pamLength_2.modelParams|sensorParams|encoders|lpos:n_521.modelParams|sensorParams|encoders|_classifierInput|n_181.modelParams|inferenceType_NontemporalMultiStep.modelParams|spParams|synPermInactiveDec_0.0664628111484,  28629,  120,  None,  0.000566233372315,  10,  13,  22,  2,  521,  181,  NontemporalMultiStep,  0.0664628111484,  0.132494327051,  0.753921766736, 
1041,  12199,  completed,  killed,  2014-05-04 19:56:39,  2014-05-04 19:58:22,  103,  modelParams|sensorParams|encoders|rwidth:n_113.modelParams|clParams|alpha_0.000651591478419.modelParams|tpParams|minThreshold_11.modelParams|tpParams|activationThreshold_13.modelParams|sensorParams|encoders|lwidth:n_22.modelParams|tpParams|pamLength_3.modelParams|sensorParams|encoders|lpos:n_521.modelParams|sensorParams|encoders|_classifierInput|n_180.modelParams|inferenceType_NontemporalMultiStep.modelParams|spParams|synPermInactiveDec_0.0652971720118,  24800,  113,  None,  0.000651591478419,  11,  13,  22,  3,  521,  180,  NontemporalMultiStep,  0.0652971720118,  0.466371262853,  3.0992334493, 
1041,  12200,  completed,  killed,  2014-05-04 19:57:00,  2014-05-04 19:58:22,  82,  modelParams|sensorParams|encoders|rwidth:n_115.modelParams|clParams|alpha_0.000532162543086.modelParams|tpParams|minThreshold_10.modelParams|tpParams|activationThreshold_13.modelParams|sensorParams|encoders|lwidth:n_22.modelParams|tpParams|pamLength_2.modelParams|sensorParams|encoders|lpos:n_521.modelParams|sensorParams|encoders|_classifierInput|n_181.modelParams|inferenceType_NontemporalMultiStep.modelParams|spParams|synPermInactiveDec_0.0656299442074,  20100,  115,  None,  0.000532162543086,  10,  13,  22,  2,  521,  181,  NontemporalMultiStep,  0.0656299442074,  0.141850612757,  1.20717778504, 
1041,  12201,  completed,  killed,  2014-05-04 19:58:00,  2014-05-04 19:58:22,  22,  modelParams|sensorParams|encoders|rwidth:n_116.modelParams|clParams|alpha_0.000573480014529.modelParams|tpParams|minThreshold_10.modelParams|tpParams|activationThreshold_13.modelParams|sensorParams|encoders|lwidth:n_22.modelParams|tpParams|pamLength_2.modelParams|sensorParams|encoders|lpos:n_521.modelParams|sensorParams|encoders|_classifierInput|n_182.modelParams|inferenceType_NontemporalMultiStep.modelParams|spParams|synPermInactiveDec_0.0650951966844,  5500,  116,  None,  0.000573480014529,  10,  13,  22,  2,  521,  182,  NontemporalMultiStep,  0.0650951966844,  0.320071920588,  10.4051700157, 
