jobID,  modelID,  status,  completionReason,  startTime,  endTime,  runtime(s),  expDesc,  numRecords,  modelParams|sensorParams|encoders|rpos:n,  modelParams|clParams|alpha,  modelParams|tpParams|minThreshold,  modelParams|tpParams|activationThreshold,  modelParams|tpParams|pamLength,  modelParams|sensorParams|encoders|_classifierInput|n,  modelParams|inferenceType,  modelParams|spParams|synPermInactiveDec,  multiStepBestPredictions:multiStep:errorMetric='aae':steps=[10]:window=1000:field=rpos,  multiStepBestPredictions:multiStep:errorMetric='altMAPE':steps=[10]:window=1000:field=rpos, 
1003,  1210,  completed,  eof,  2014-05-04 04:13:48,  2014-05-04 04:13:48,  0,  modelParams|sensorParams|encoders|rpos:n_272.modelParams|clParams|alpha_0.05005.modelParams|tpParams|minThreshold_11.modelParams|tpParams|activationThreshold_14.modelParams|tpParams|pamLength_3.modelParams|sensorParams|encoders|_classifierInput|n_275.modelParams|inferenceType_NontemporalMultiStep.modelParams|spParams|synPermInactiveDec_0.05015,  100,  272,  0.05005,  11,  14,  3,  275,  NontemporalMultiStep,  0.05015,  0.286324826056,  100.419527393, 


jobID,  modelID,  status,  completionReason,  startTime,  endTime,  runtime(s),  expDesc,  numRecords,  modelParams|sensorParams|encoders|rwidth:n,  modelParams|sensorParams|encoders|rpos:n,  modelParams|clParams|alpha,  modelParams|tpParams|minThreshold,  modelParams|tpParams|activationThreshold,  modelParams|sensorParams|encoders|lwidth:n,  modelParams|tpParams|pamLength,  modelParams|sensorParams|encoders|lpos:n,  modelParams|sensorParams|encoders|_classifierInput|n,  modelParams|inferenceType,  modelParams|spParams|synPermInactiveDec,  multiStepBestPredictions:multiStep:errorMetric='aae':steps=[10]:window=1000:field=rpos,  multiStepBestPredictions:multiStep:errorMetric='altMAPE':steps=[10]:window=1000:field=rpos, 
1005,  1233,  completed,  eof,  2014-05-04 04:21:56,  2014-05-04 04:23:54,  118,  modelParams|clParams|alpha_0.05005.modelParams|tpParams|minThreshold_11.modelParams|tpParams|activationThreshold_14.modelParams|tpParams|pamLength_3.modelParams|sensorParams|encoders|lpos:n_272.modelParams|sensorParams|encoders|_classifierInput|n_275.modelParams|inferenceType_NontemporalMultiStep.modelParams|spParams|synPermInactiveDec_0.05015,  28629,  None,  None,  0.05005,  11,  14,  None,  3,  272,  275,  NontemporalMultiStep,  0.05015,  0.203962491593,  4.85299860391, 
1005,  1254,  completed,  eof,  2014-05-04 04:21:56,  2014-05-04 04:23:43,  107,  modelParams|clParams|alpha_0.05005.modelParams|tpParams|minThreshold_11.modelParams|tpParams|activationThreshold_14.modelParams|sensorParams|encoders|lwidth:n_272.modelParams|tpParams|pamLength_3.modelParams|sensorParams|encoders|_classifierInput|n_275.modelParams|inferenceType_NontemporalMultiStep.modelParams|spParams|synPermInactiveDec_0.05015,  28629,  None,  None,  0.05005,  11,  14,  272,  3,  None,  275,  NontemporalMultiStep,  0.05015,  0.285556325912,  6.79440832558, 
1005,  1265,  completed,  eof,  2014-05-04 04:21:56,  2014-05-04 04:23:44,  108,  modelParams|sensorParams|encoders|rpos:n_272.modelParams|clParams|alpha_0.05005.modelParams|tpParams|minThreshold_11.modelParams|tpParams|activationThreshold_14.modelParams|tpParams|pamLength_3.modelParams|sensorParams|encoders|_classifierInput|n_275.modelParams|inferenceType_NontemporalMultiStep.modelParams|spParams|synPermInactiveDec_0.05015,  28629,  None,  272,  0.05005,  11,  14,  None,  3,  None,  275,  NontemporalMultiStep,  0.05015,  0.219047402179,  5.21192268569, 
1005,  1276,  completed,  eof,  2014-05-04 04:21:56,  2014-05-04 04:23:45,  109,  modelParams|sensorParams|encoders|rwidth:n_272.modelParams|clParams|alpha_0.05005.modelParams|tpParams|minThreshold_11.modelParams|tpParams|activationThreshold_14.modelParams|tpParams|pamLength_3.modelParams|sensorParams|encoders|_classifierInput|n_275.modelParams|inferenceType_NontemporalMultiStep.modelParams|spParams|synPermInactiveDec_0.05015,  28629,  272,  None,  0.05005,  11,  14,  None,  3,  None,  275,  NontemporalMultiStep,  0.05015,  0.265180503651,  6.30959449431, 
1005,  1277,  completed,  eof,  2014-05-04 04:23:43,  2014-05-04 04:31:02,  439,  modelParams|clParams|alpha_0.0001.modelParams|tpParams|minThreshold_9.modelParams|tpParams|activationThreshold_12.modelParams|tpParams|pamLength_1.modelParams|sensorParams|encoders|lpos:n_22.modelParams|sensorParams|encoders|_classifierInput|n_28.modelParams|inferenceType_TemporalMultiStep.modelParams|spParams|synPermInactiveDec_0.1,  28629,  None,  None,  0.0001,  9,  12,  None,  1,  22,  28,  TemporalMultiStep,  0.1,  0.194176102473,  4.62014533582, 
1005,  1278,  completed,  eof,  2014-05-04 04:23:44,  2014-05-04 04:30:38,  414,  modelParams|clParams|alpha_0.0001.modelParams|tpParams|minThreshold_9.modelParams|tpParams|activationThreshold_12.modelParams|sensorParams|encoders|lwidth:n_22.modelParams|tpParams|pamLength_1.modelParams|sensorParams|encoders|_classifierInput|n_28.modelParams|inferenceType_TemporalMultiStep.modelParams|spParams|synPermInactiveDec_0.1,  28629,  None,  None,  0.0001,  9,  12,  22,  1,  None,  28,  TemporalMultiStep,  0.1,  0.194176102473,  4.62014533582, 
1005,  1279,  completed,  eof,  2014-05-04 04:23:45,  2014-05-04 04:32:55,  550,  modelParams|sensorParams|encoders|rpos:n_22.modelParams|clParams|alpha_0.0001.modelParams|tpParams|minThreshold_9.modelParams|tpParams|activationThreshold_12.modelParams|tpParams|pamLength_1.modelParams|sensorParams|encoders|_classifierInput|n_28.modelParams|inferenceType_TemporalMultiStep.modelParams|spParams|synPermInactiveDec_0.1,  28629,  None,  22,  0.0001,  9,  12,  None,  1,  None,  28,  TemporalMultiStep,  0.1,  0.194176102473,  4.62014533582, 
1005,  1280,  completed,  eof,  2014-05-04 04:23:54,  2014-05-04 04:31:16,  442,  modelParams|sensorParams|encoders|rwidth:n_22.modelParams|clParams|alpha_0.0001.modelParams|tpParams|minThreshold_9.modelParams|tpParams|activationThreshold_12.modelParams|tpParams|pamLength_1.modelParams|sensorParams|encoders|_classifierInput|n_28.modelParams|inferenceType_TemporalMultiStep.modelParams|spParams|synPermInactiveDec_0.1,  28629,  22,  None,  0.0001,  9,  12,  None,  1,  None,  28,  TemporalMultiStep,  0.1,  0.194505423996,  4.62798107502, 
1005,  1281,  completed,  eof,  2014-05-04 04:30:38,  2014-05-04 04:33:33,  175,  modelParams|clParams|alpha_0.1.modelParams|tpParams|minThreshold_12.modelParams|tpParams|activationThreshold_16.modelParams|tpParams|pamLength_5.modelParams|sensorParams|encoders|lpos:n_521.modelParams|sensorParams|encoders|_classifierInput|n_521.modelParams|inferenceType_NontemporalMultiStep.modelParams|spParams|synPermInactiveDec_0.0003,  28629,  None,  None,  0.1,  12,  16,  None,  5,  521,  521,  NontemporalMultiStep,  0.0003,  0.234668542523,  5.58360559507, 
1005,  1282,  completed,  eof,  2014-05-04 04:31:02,  2014-05-04 04:33:49,  167,  modelParams|clParams|alpha_0.1.modelParams|tpParams|minThreshold_12.modelParams|tpParams|activationThreshold_16.modelParams|sensorParams|encoders|lwidth:n_521.modelParams|tpParams|pamLength_5.modelParams|sensorParams|encoders|_classifierInput|n_521.modelParams|inferenceType_NontemporalMultiStep.modelParams|spParams|synPermInactiveDec_0.0003,  28629,  None,  None,  0.1,  12,  16,  521,  5,  None,  521,  NontemporalMultiStep,  0.0003,  0.322071008085,  7.66322347008, 
1005,  1283,  completed,  eof,  2014-05-04 04:31:16,  2014-05-04 04:34:03,  167,  modelParams|sensorParams|encoders|rpos:n_521.modelParams|clParams|alpha_0.1.modelParams|tpParams|minThreshold_12.modelParams|tpParams|activationThreshold_16.modelParams|tpParams|pamLength_5.modelParams|sensorParams|encoders|_classifierInput|n_521.modelParams|inferenceType_NontemporalMultiStep.modelParams|spParams|synPermInactiveDec_0.0003,  28629,  None,  521,  0.1,  12,  16,  None,  5,  None,  521,  NontemporalMultiStep,  0.0003,  0.244227845516,  5.81105567042, 
1005,  1284,  completed,  eof,  2014-05-04 04:32:55,  2014-05-04 04:35:48,  173,  modelParams|sensorParams|encoders|rwidth:n_521.modelParams|clParams|alpha_0.1.modelParams|tpParams|minThreshold_12.modelParams|tpParams|activationThreshold_16.modelParams|tpParams|pamLength_5.modelParams|sensorParams|encoders|_classifierInput|n_521.modelParams|inferenceType_NontemporalMultiStep.modelParams|spParams|synPermInactiveDec_0.0003,  28629,  521,  None,  0.1,  12,  16,  None,  5,  None,  521,  NontemporalMultiStep,  0.0003,  0.318746665317,  7.58412544239, 
1005,  1285,  completed,  eof,  2014-05-04 04:33:33,  2014-05-04 04:44:47,  674,  modelParams|clParams|alpha_0.025075.modelParams|tpParams|minThreshold_10.modelParams|tpParams|activationThreshold_13.modelParams|tpParams|pamLength_2.modelParams|sensorParams|encoders|lpos:n_147.modelParams|sensorParams|encoders|_classifierInput|n_151.modelParams|inferenceType_TemporalMultiStep.modelParams|spParams|synPermInactiveDec_0.075075,  28629,  None,  None,  0.025075,  10,  13,  None,  2,  147,  151,  TemporalMultiStep,  0.075075,  0.143016190299,  3.40286768628, 
1005,  1286,  completed,  eof,  2014-05-04 04:33:49,  2014-05-04 04:43:09,  560,  modelParams|clParams|alpha_0.025075.modelParams|tpParams|minThreshold_10.modelParams|tpParams|activationThreshold_13.modelParams|sensorParams|encoders|lwidth:n_147.modelParams|tpParams|pamLength_2.modelParams|sensorParams|encoders|_classifierInput|n_151.modelParams|inferenceType_TemporalMultiStep.modelParams|spParams|synPermInactiveDec_0.075075,  28629,  None,  None,  0.025075,  10,  13,  147,  2,  None,  151,  TemporalMultiStep,  0.075075,  0.161290106629,  3.83766964299, 
1005,  1287,  completed,  eof,  2014-05-04 04:34:03,  2014-05-04 04:43:12,  549,  modelParams|sensorParams|encoders|rpos:n_147.modelParams|clParams|alpha_0.025075.modelParams|tpParams|minThreshold_10.modelParams|tpParams|activationThreshold_13.modelParams|tpParams|pamLength_2.modelParams|sensorParams|encoders|_classifierInput|n_151.modelParams|inferenceType_TemporalMultiStep.modelParams|spParams|synPermInactiveDec_0.075075,  28629,  None,  147,  0.025075,  10,  13,  None,  2,  None,  151,  TemporalMultiStep,  0.075075,  0.169726500846,  4.03840169443, 
1005,  1288,  completed,  eof,  2014-05-04 04:35:48,  2014-05-04 04:44:48,  540,  modelParams|sensorParams|encoders|rwidth:n_147.modelParams|clParams|alpha_0.025075.modelParams|tpParams|minThreshold_10.modelParams|tpParams|activationThreshold_13.modelParams|tpParams|pamLength_2.modelParams|sensorParams|encoders|_classifierInput|n_151.modelParams|inferenceType_TemporalMultiStep.modelParams|spParams|synPermInactiveDec_0.075075,  28629,  147,  None,  0.025075,  10,  13,  None,  2,  None,  151,  TemporalMultiStep,  0.075075,  0.153047206034,  3.64154149822, 
1005,  1289,  completed,  eof,  2014-05-04 04:43:09,  2014-05-04 04:45:45,  156,  modelParams|clParams|alpha_0.075025.modelParams|tpParams|minThreshold_11.modelParams|tpParams|activationThreshold_15.modelParams|tpParams|pamLength_4.modelParams|sensorParams|encoders|lpos:n_396.modelParams|sensorParams|encoders|_classifierInput|n_398.modelParams|inferenceType_NontemporalMultiStep.modelParams|spParams|synPermInactiveDec_0.025225,  28629,  None,  None,  0.075025,  11,  15,  None,  4,  396,  398,  NontemporalMultiStep,  0.025225,  0.262010444977,  6.2341674381, 
1005,  1290,  completed,  eof,  2014-05-04 04:43:12,  2014-05-04 04:45:42,  150,  modelParams|clParams|alpha_0.075025.modelParams|tpParams|minThreshold_11.modelParams|tpParams|activationThreshold_15.modelParams|sensorParams|encoders|lwidth:n_396.modelParams|tpParams|pamLength_4.modelParams|sensorParams|encoders|_classifierInput|n_398.modelParams|inferenceType_NontemporalMultiStep.modelParams|spParams|synPermInactiveDec_0.025225,  28629,  None,  None,  0.075025,  11,  15,  396,  4,  None,  398,  NontemporalMultiStep,  0.025225,  0.308945592671,  7.35092280057, 
1005,  1291,  completed,  eof,  2014-05-04 04:44:47,  2014-05-04 04:47:03,  136,  modelParams|sensorParams|encoders|rpos:n_396.modelParams|clParams|alpha_0.075025.modelParams|tpParams|minThreshold_11.modelParams|tpParams|activationThreshold_15.modelParams|tpParams|pamLength_4.modelParams|sensorParams|encoders|_classifierInput|n_398.modelParams|inferenceType_NontemporalMultiStep.modelParams|spParams|synPermInactiveDec_0.025225,  28629,  None,  396,  0.075025,  11,  15,  None,  4,  None,  398,  NontemporalMultiStep,  0.025225,  0.288335553996,  6.86053612147, 
1005,  1292,  completed,  eof,  2014-05-04 04:44:48,  2014-05-04 04:47:05,  137,  modelParams|sensorParams|encoders|rwidth:n_396.modelParams|clParams|alpha_0.075025.modelParams|tpParams|minThreshold_11.modelParams|tpParams|activationThreshold_15.modelParams|tpParams|pamLength_4.modelParams|sensorParams|encoders|_classifierInput|n_398.modelParams|inferenceType_NontemporalMultiStep.modelParams|spParams|synPermInactiveDec_0.025225,  28629,  396,  None,  0.075025,  11,  15,  None,  4,  None,  398,  NontemporalMultiStep,  0.025225,  0.30509970332,  7.25941531063, 
1005,  1293,  completed,  eof,  2014-05-04 04:45:42,  2014-05-04 04:47:35,  113,  modelParams|clParams|alpha_0.0348151425553.modelParams|tpParams|minThreshold_10.modelParams|tpParams|activationThreshold_13.modelParams|tpParams|pamLength_2.modelParams|sensorParams|encoders|lpos:n_195.modelParams|sensorParams|encoders|_classifierInput|n_175.modelParams|inferenceType_NontemporalMultiStep.modelParams|spParams|synPermInactiveDec_0.0815543478447,  28629,  None,  None,  0.0348151425553,  10,  13,  None,  2,  195,  175,  NontemporalMultiStep,  0.0815543478447,  0.173524185441,  4.1287622205, 
1005,  1294,  completed,  eof,  2014-05-04 04:45:45,  2014-05-04 04:47:33,  108,  modelParams|clParams|alpha_0.0348151425553.modelParams|tpParams|minThreshold_10.modelParams|tpParams|activationThreshold_13.modelParams|sensorParams|encoders|lwidth:n_192.modelParams|tpParams|pamLength_2.modelParams|sensorParams|encoders|_classifierInput|n_175.modelParams|inferenceType_NontemporalMultiStep.modelParams|spParams|synPermInactiveDec_0.0815543478447,  28629,  None,  None,  0.0348151425553,  10,  13,  192,  2,  None,  175,  NontemporalMultiStep,  0.0815543478447,  0.225757611734,  5.37158261801, 
1005,  1295,  completed,  eof,  2014-05-04 04:47:04,  2014-05-04 04:48:51,  107,  modelParams|sensorParams|encoders|rpos:n_195.modelParams|clParams|alpha_0.0328351247259.modelParams|tpParams|minThreshold_10.modelParams|tpParams|activationThreshold_13.modelParams|tpParams|pamLength_2.modelParams|sensorParams|encoders|_classifierInput|n_175.modelParams|inferenceType_NontemporalMultiStep.modelParams|spParams|synPermInactiveDec_0.0815543478447,  28629,  None,  195,  0.0328351247259,  10,  13,  None,  2,  None,  175,  NontemporalMultiStep,  0.0815543478447,  0.186698210469,  4.44221948694, 
1005,  1296,  completed,  eof,  2014-05-04 04:47:05,  2014-05-04 04:48:50,  105,  modelParams|sensorParams|encoders|rwidth:n_195.modelParams|clParams|alpha_0.0328351247259.modelParams|tpParams|minThreshold_10.modelParams|tpParams|activationThreshold_13.modelParams|tpParams|pamLength_2.modelParams|sensorParams|encoders|_classifierInput|n_175.modelParams|inferenceType_NontemporalMultiStep.modelParams|spParams|synPermInactiveDec_0.0815543478447,  28629,  195,  None,  0.0328351247259,  10,  13,  None,  2,  None,  175,  NontemporalMultiStep,  0.0815543478447,  0.219482095506,  5.22226559772, 
1005,  1297,  completed,  eof,  2014-05-04 04:47:33,  2014-05-04 04:49:22,  109,  modelParams|clParams|alpha_0.0153348574447.modelParams|tpParams|minThreshold_10.modelParams|tpParams|activationThreshold_13.modelParams|tpParams|pamLength_2.modelParams|sensorParams|encoders|lpos:n_99.modelParams|sensorParams|encoders|_classifierInput|n_176.modelParams|inferenceType_NontemporalMultiStep.modelParams|spParams|synPermInactiveDec_0.0685956521553,  28629,  None,  None,  0.0153348574447,  10,  13,  None,  2,  99,  176,  NontemporalMultiStep,  0.0685956521553,  0.15190067381,  3.61426138783, 
1005,  1298,  completed,  eof,  2014-05-04 04:47:35,  2014-05-04 04:49:16,  101,  modelParams|clParams|alpha_0.0153348574447.modelParams|tpParams|minThreshold_10.modelParams|tpParams|activationThreshold_13.modelParams|sensorParams|encoders|lwidth:n_101.modelParams|tpParams|pamLength_2.modelParams|sensorParams|encoders|_classifierInput|n_127.modelParams|inferenceType_NontemporalMultiStep.modelParams|spParams|synPermInactiveDec_0.0685956521553,  28629,  None,  None,  0.0153348574447,  10,  13,  101,  2,  None,  127,  NontemporalMultiStep,  0.0685956521553,  0.183197817548,  4.35893259519, 
1005,  1299,  completed,  eof,  2014-05-04 04:48:50,  2014-05-04 04:50:36,  106,  modelParams|sensorParams|encoders|rpos:n_98.modelParams|clParams|alpha_0.0273048752741.modelParams|tpParams|minThreshold_10.modelParams|tpParams|activationThreshold_13.modelParams|tpParams|pamLength_2.modelParams|sensorParams|encoders|_classifierInput|n_127.modelParams|inferenceType_NontemporalMultiStep.modelParams|spParams|synPermInactiveDec_0.0685956521553,  28629,  None,  98,  0.0273048752741,  10,  13,  None,  2,  None,  127,  NontemporalMultiStep,  0.0685956521553,  0.156314163102,  3.71927411446, 
1005,  1300,  completed,  eof,  2014-05-04 04:48:51,  2014-05-04 04:50:34,  103,  modelParams|sensorParams|encoders|rwidth:n_98.modelParams|clParams|alpha_0.0273048752741.modelParams|tpParams|minThreshold_10.modelParams|tpParams|activationThreshold_13.modelParams|tpParams|pamLength_2.modelParams|sensorParams|encoders|_classifierInput|n_127.modelParams|inferenceType_NontemporalMultiStep.modelParams|spParams|synPermInactiveDec_0.0685956521553,  28629,  98,  None,  0.0273048752741,  10,  13,  None,  2,  None,  127,  NontemporalMultiStep,  0.0685956521553,  0.212267323014,  5.05060030497, 
1005,  1301,  completed,  eof,  2014-05-04 04:49:16,  2014-05-04 04:51:12,  116,  modelParams|clParams|alpha_0.034315427666.modelParams|tpParams|minThreshold_10.modelParams|tpParams|activationThreshold_13.modelParams|tpParams|pamLength_2.modelParams|sensorParams|encoders|lpos:n_242.modelParams|sensorParams|encoders|_classifierInput|n_175.modelParams|inferenceType_NontemporalMultiStep.modelParams|spParams|synPermInactiveDec_0.074573043534,  28629,  None,  None,  0.034315427666,  10,  13,  None,  2,  242,  175,  NontemporalMultiStep,  0.074573043534,  0.181454502027,  4.31745287151, 
1005,  1302,  completed,  eof,  2014-05-04 04:49:22,  2014-05-04 04:51:14,  112,  modelParams|clParams|alpha_0.034315427666.modelParams|tpParams|minThreshold_10.modelParams|tpParams|activationThreshold_13.modelParams|sensorParams|encoders|lwidth:n_184.modelParams|tpParams|pamLength_3.modelParams|sensorParams|encoders|_classifierInput|n_175.modelParams|inferenceType_NontemporalMultiStep.modelParams|spParams|synPermInactiveDec_0.084543043534,  28629,  None,  None,  0.034315427666,  10,  13,  184,  3,  None,  175,  NontemporalMultiStep,  0.084543043534,  0.222974163837,  5.30535441765, 
1005,  1303,  completed,  eof,  2014-05-04 04:50:35,  2014-05-04 04:52:28,  113,  modelParams|sensorParams|encoders|rpos:n_193.modelParams|clParams|alpha_0.0383653741777.modelParams|tpParams|minThreshold_10.modelParams|tpParams|activationThreshold_13.modelParams|tpParams|pamLength_2.modelParams|sensorParams|encoders|_classifierInput|n_175.modelParams|inferenceType_NontemporalMultiStep.modelParams|spParams|synPermInactiveDec_0.074573043534,  28629,  None,  193,  0.0383653741777,  10,  13,  None,  2,  None,  175,  NontemporalMultiStep,  0.074573043534,  0.187550508276,  4.46249870609, 
1005,  1304,  completed,  eof,  2014-05-04 04:50:36,  2014-05-04 04:52:27,  111,  modelParams|sensorParams|encoders|rwidth:n_193.modelParams|clParams|alpha_0.0383653741777.modelParams|tpParams|minThreshold_10.modelParams|tpParams|activationThreshold_13.modelParams|tpParams|pamLength_2.modelParams|sensorParams|encoders|_classifierInput|n_175.modelParams|inferenceType_NontemporalMultiStep.modelParams|spParams|synPermInactiveDec_0.084543043534,  28629,  193,  None,  0.0383653741777,  10,  13,  None,  2,  None,  175,  NontemporalMultiStep,  0.084543043534,  0.22898123305,  5.44828412143, 
1005,  1305,  completed,  eof,  2014-05-04 04:51:12,  2014-05-04 04:53:01,  109,  modelParams|clParams|alpha_0.02008.modelParams|tpParams|minThreshold_10.modelParams|tpParams|activationThreshold_13.modelParams|tpParams|pamLength_2.modelParams|sensorParams|encoders|lpos:n_122.modelParams|sensorParams|encoders|_classifierInput|n_127.modelParams|inferenceType_NontemporalMultiStep.modelParams|spParams|synPermInactiveDec_0.07009,  28629,  None,  None,  0.02008,  10,  13,  None,  2,  122,  127,  NontemporalMultiStep,  0.07009,  0.155446116247,  3.69862016902, 
1005,  1306,  completed,  eof,  2014-05-04 04:51:14,  2014-05-04 04:53:02,  108,  modelParams|clParams|alpha_0.02008.modelParams|tpParams|minThreshold_10.modelParams|tpParams|activationThreshold_13.modelParams|sensorParams|encoders|lwidth:n_172.modelParams|tpParams|pamLength_2.modelParams|sensorParams|encoders|_classifierInput|n_127.modelParams|inferenceType_NontemporalMultiStep.modelParams|spParams|synPermInactiveDec_0.08006,  28629,  None,  None,  0.02008,  10,  13,  172,  2,  None,  127,  NontemporalMultiStep,  0.08006,  0.197658589235,  4.70300617587, 
1005,  1307,  completed,  eof,  2014-05-04 04:52:27,  2014-05-04 04:54:02,  95,  modelParams|sensorParams|encoders|rpos:n_82.modelParams|clParams|alpha_0.0220629930617.modelParams|tpParams|minThreshold_10.modelParams|tpParams|activationThreshold_13.modelParams|tpParams|pamLength_2.modelParams|sensorParams|encoders|_classifierInput|n_103.modelParams|inferenceType_NontemporalMultiStep.modelParams|spParams|synPermInactiveDec_0.0632221907918,  28629,  None,  82,  0.0220629930617,  10,  13,  None,  2,  None,  103,  NontemporalMultiStep,  0.0632221907918,  0.145770801494,  3.46840975815, 
1005,  1308,  completed,  eof,  2014-05-04 04:52:28,  2014-05-04 04:54:09,  101,  modelParams|sensorParams|encoders|rwidth:n_122.modelParams|clParams|alpha_0.02008.modelParams|tpParams|minThreshold_10.modelParams|tpParams|activationThreshold_13.modelParams|tpParams|pamLength_2.modelParams|sensorParams|encoders|_classifierInput|n_127.modelParams|inferenceType_NontemporalMultiStep.modelParams|spParams|synPermInactiveDec_0.08006,  28629,  122,  None,  0.02008,  10,  13,  None,  2,  None,  127,  NontemporalMultiStep,  0.08006,  0.210898516111,  5.01803148342, 
1005,  1309,  completed,  eof,  2014-05-04 04:53:01,  2014-05-04 04:54:54,  113,  modelParams|clParams|alpha_0.0295702851107.modelParams|tpParams|minThreshold_9.modelParams|tpParams|activationThreshold_13.modelParams|tpParams|pamLength_2.modelParams|sensorParams|encoders|lpos:n_219.modelParams|sensorParams|encoders|_classifierInput|n_175.modelParams|inferenceType_NontemporalMultiStep.modelParams|spParams|synPermInactiveDec_0.0830486956893,  28629,  None,  None,  0.0295702851107,  9,  13,  None,  2,  219,  175,  NontemporalMultiStep,  0.0830486956893,  0.160215177027,  3.81209321558, 
1005,  1310,  completed,  eof,  2014-05-04 04:53:02,  2014-05-04 04:54:51,  109,  modelParams|clParams|alpha_0.0295702851107.modelParams|tpParams|minThreshold_9.modelParams|tpParams|activationThreshold_13.modelParams|sensorParams|encoders|lwidth:n_163.modelParams|tpParams|pamLength_3.modelParams|sensorParams|encoders|_classifierInput|n_175.modelParams|inferenceType_NontemporalMultiStep.modelParams|spParams|synPermInactiveDec_0.0830486956893,  28629,  None,  None,  0.0295702851107,  9,  13,  163,  3,  None,  175,  NontemporalMultiStep,  0.0830486956893,  0.217205654432,  5.16810090662, 
1005,  1311,  completed,  eof,  2014-05-04 04:54:02,  2014-05-04 04:55:43,  101,  modelParams|sensorParams|encoders|rpos:n_117.modelParams|clParams|alpha_0.0329217189843.modelParams|tpParams|minThreshold_9.modelParams|tpParams|activationThreshold_13.modelParams|tpParams|pamLength_2.modelParams|sensorParams|encoders|_classifierInput|n_127.modelParams|inferenceType_NontemporalMultiStep.modelParams|spParams|synPermInactiveDec_0.0704852658234,  28629,  None,  117,  0.0329217189843,  9,  13,  None,  2,  None,  127,  NontemporalMultiStep,  0.0704852658234,  0.171346150466,  4.07693896314, 
1005,  1312,  completed,  eof,  2014-05-04 04:54:09,  2014-05-04 04:55:58,  109,  modelParams|sensorParams|encoders|rwidth:n_170.modelParams|clParams|alpha_0.0356002494518.modelParams|tpParams|minThreshold_9.modelParams|tpParams|activationThreshold_13.modelParams|tpParams|pamLength_2.modelParams|sensorParams|encoders|_classifierInput|n_175.modelParams|inferenceType_NontemporalMultiStep.modelParams|spParams|synPermInactiveDec_0.0730786956893,  28629,  170,  None,  0.0356002494518,  9,  13,  None,  2,  None,  175,  NontemporalMultiStep,  0.0730786956893,  0.239243052821,  5.69244958848, 
1005,  1313,  completed,  killed,  2014-05-04 04:54:51,  2014-05-04 04:54:54,  3,  modelParams|clParams|alpha_0.0231168708214.modelParams|tpParams|minThreshold_10.modelParams|tpParams|activationThreshold_13.modelParams|tpParams|pamLength_2.modelParams|sensorParams|encoders|lpos:n_137.modelParams|sensorParams|encoders|_classifierInput|n_126.modelParams|inferenceType_NontemporalMultiStep.modelParams|spParams|synPermInactiveDec_0.0825376255976,  900,  None,  None,  0.0231168708214,  10,  13,  None,  2,  137,  126,  NontemporalMultiStep,  0.0825376255976,  0.170135073341,  58.0271380811, 
1005,  1314,  completed,  eof,  2014-05-04 04:54:54,  2014-05-04 04:56:33,  99,  modelParams|sensorParams|encoders|rpos:n_85.modelParams|clParams|alpha_0.0189519183919.modelParams|tpParams|minThreshold_9.modelParams|tpParams|activationThreshold_13.modelParams|tpParams|pamLength_2.modelParams|sensorParams|encoders|_classifierInput|n_78.modelParams|inferenceType_NontemporalMultiStep.modelParams|spParams|synPermInactiveDec_0.0699741957317,  28629,  None,  85,  0.0189519183919,  9,  13,  None,  2,  None,  78,  NontemporalMultiStep,  0.0699741957317,  0.142602289591,  3.39301950516, 
1005,  1315,  completed,  killed,  2014-05-04 04:54:54,  2014-05-04 04:55:58,  64,  modelParams|sensorParams|encoders|rwidth:n_137.modelParams|clParams|alpha_0.0216304488594.modelParams|tpParams|minThreshold_9.modelParams|tpParams|activationThreshold_13.modelParams|tpParams|pamLength_2.modelParams|sensorParams|encoders|_classifierInput|n_126.modelParams|inferenceType_NontemporalMultiStep.modelParams|spParams|synPermInactiveDec_0.0825376255976,  18100,  137,  None,  0.0216304488594,  9,  13,  None,  2,  None,  126,  NontemporalMultiStep,  0.0825376255976,  0.672825677123,  39.7637015153, 
1005,  1316,  completed,  eof,  2014-05-04 04:55:43,  2014-05-04 04:57:22,  99,  modelParams|sensorParams|encoders|rpos:n_104.modelParams|clParams|alpha_0.0294445705635.modelParams|tpParams|minThreshold_11.modelParams|tpParams|activationThreshold_13.modelParams|tpParams|pamLength_2.modelParams|sensorParams|encoders|_classifierInput|n_127.modelParams|inferenceType_NontemporalMultiStep.modelParams|spParams|synPermInactiveDec_0.0550489445365,  28629,  None,  104,  0.0294445705635,  11,  13,  None,  2,  None,  127,  NontemporalMultiStep,  0.0550489445365,  0.164483268,  3.91364639516, 
1005,  1317,  completed,  eof,  2014-05-04 04:55:58,  2014-05-04 04:57:18,  80,  modelParams|sensorParams|encoders|rpos:n_22.modelParams|clParams|alpha_0.00845926622028.modelParams|tpParams|minThreshold_10.modelParams|tpParams|activationThreshold_13.modelParams|tpParams|pamLength_2.modelParams|sensorParams|encoders|_classifierInput|n_28.modelParams|inferenceType_NontemporalMultiStep.modelParams|spParams|synPermInactiveDec_0.0811099252027,  28629,  None,  22,  0.00845926622028,  10,  13,  None,  2,  None,  28,  NontemporalMultiStep,  0.0811099252027,  0.195556733972,  4.65299550686, 
1005,  1318,  completed,  eof,  2014-05-04 04:55:58,  2014-05-04 04:57:40,  102,  modelParams|sensorParams|encoders|rpos:n_66.modelParams|clParams|alpha_0.0213099913271.modelParams|tpParams|minThreshold_10.modelParams|tpParams|activationThreshold_13.modelParams|tpParams|pamLength_2.modelParams|sensorParams|encoders|_classifierInput|n_90.modelParams|inferenceType_NontemporalMultiStep.modelParams|spParams|synPermInactiveDec_0.0602589884897,  28629,  None,  66,  0.0213099913271,  10,  13,  None,  2,  None,  90,  NontemporalMultiStep,  0.0602589884897,  0.140541318434,  3.34398161556, 
1005,  1319,  completed,  eof,  2014-05-04 04:56:33,  2014-05-04 04:57:50,  77,  modelParams|sensorParams|encoders|rpos:n_22.modelParams|clParams|alpha_0.00997277445564.modelParams|tpParams|minThreshold_9.modelParams|tpParams|activationThreshold_13.modelParams|tpParams|pamLength_2.modelParams|sensorParams|encoders|_classifierInput|n_28.modelParams|inferenceType_NontemporalMultiStep.modelParams|spParams|synPermInactiveDec_0.0812586216062,  28629,  None,  22,  0.00997277445564,  9,  13,  None,  2,  None,  28,  NontemporalMultiStep,  0.0812586216062,  0.195556733972,  4.65299550686, 
1005,  1320,  completed,  eof,  2014-05-04 04:57:18,  2014-05-04 04:58:50,  92,  modelParams|sensorParams|encoders|rpos:n_57.modelParams|clParams|alpha_0.0154811168084.modelParams|tpParams|minThreshold_9.modelParams|tpParams|activationThreshold_13.modelParams|tpParams|pamLength_2.modelParams|sensorParams|encoders|_classifierInput|n_54.modelParams|inferenceType_NontemporalMultiStep.modelParams|spParams|synPermInactiveDec_0.0670791577034,  28629,  None,  57,  0.0154811168084,  9,  13,  None,  2,  None,  54,  NontemporalMultiStep,  0.0670791577034,  0.134652413959,  3.20386347435, 
1005,  1321,  completed,  eof,  2014-05-04 04:57:22,  2014-05-04 04:58:51,  89,  modelParams|sensorParams|encoders|rpos:n_89.modelParams|clParams|alpha_0.0201617566424.modelParams|tpParams|minThreshold_9.modelParams|tpParams|activationThreshold_13.modelParams|tpParams|pamLength_2.modelParams|sensorParams|encoders|_classifierInput|n_78.modelParams|inferenceType_NontemporalMultiStep.modelParams|spParams|synPermInactiveDec_0.0704610450561,  28629,  None,  89,  0.0201617566424,  9,  13,  None,  2,  None,  78,  NontemporalMultiStep,  0.0704610450561,  0.148750953241,  3.53931824803, 
1005,  1322,  completed,  eof,  2014-05-04 04:57:40,  2014-05-04 04:59:06,  86,  modelParams|sensorParams|encoders|rpos:n_60.modelParams|clParams|alpha_0.0192144144912.modelParams|tpParams|minThreshold_9.modelParams|tpParams|activationThreshold_12.modelParams|tpParams|pamLength_2.modelParams|sensorParams|encoders|_classifierInput|n_83.modelParams|inferenceType_NontemporalMultiStep.modelParams|spParams|synPermInactiveDec_0.0592057623832,  28629,  None,  60,  0.0192144144912,  9,  12,  None,  2,  None,  83,  NontemporalMultiStep,  0.0592057623832,  0.139385026997,  3.31646929854, 
1005,  1323,  completed,  eof,  2014-05-04 04:57:50,  2014-05-04 04:59:16,  86,  modelParams|sensorParams|encoders|rpos:n_62.modelParams|clParams|alpha_0.0211217408934.modelParams|tpParams|minThreshold_10.modelParams|tpParams|activationThreshold_13.modelParams|tpParams|pamLength_2.modelParams|sensorParams|encoders|_classifierInput|n_87.modelParams|inferenceType_NontemporalMultiStep.modelParams|spParams|synPermInactiveDec_0.0595181879142,  28629,  None,  62,  0.0211217408934,  10,  13,  None,  2,  None,  87,  NontemporalMultiStep,  0.0595181879142,  0.141090427988,  3.35704689966, 
1005,  1324,  completed,  eof,  2014-05-04 04:58:50,  2014-05-04 05:00:10,  80,  modelParams|sensorParams|encoders|rpos:n_51.modelParams|clParams|alpha_0.0143549728335.modelParams|tpParams|minThreshold_9.modelParams|tpParams|activationThreshold_13.modelParams|tpParams|pamLength_2.modelParams|sensorParams|encoders|_classifierInput|n_47.modelParams|inferenceType_NontemporalMultiStep.modelParams|spParams|synPermInactiveDec_0.0665534982272,  28629,  None,  51,  0.0143549728335,  9,  13,  None,  2,  None,  47,  NontemporalMultiStep,  0.0665534982272,  0.138444875186,  3.29409971779, 
1005,  1325,  completed,  eof,  2014-05-04 04:58:51,  2014-05-04 05:00:12,  81,  modelParams|sensorParams|encoders|rpos:n_50.modelParams|clParams|alpha_0.0146134164125.modelParams|tpParams|minThreshold_9.modelParams|tpParams|activationThreshold_13.modelParams|tpParams|pamLength_2.modelParams|sensorParams|encoders|_classifierInput|n_47.modelParams|inferenceType_NontemporalMultiStep.modelParams|spParams|synPermInactiveDec_0.0663553981964,  28629,  None,  50,  0.0146134164125,  9,  13,  None,  2,  None,  47,  NontemporalMultiStep,  0.0663553981964,  0.149803745421,  3.56436794682, 
1005,  1326,  completed,  eof,  2014-05-04 04:59:06,  2014-05-04 05:00:27,  81,  modelParams|sensorParams|encoders|rpos:n_59.modelParams|clParams|alpha_0.013678633666.modelParams|tpParams|minThreshold_9.modelParams|tpParams|activationThreshold_13.modelParams|tpParams|pamLength_2.modelParams|sensorParams|encoders|_classifierInput|n_42.modelParams|inferenceType_NontemporalMultiStep.modelParams|spParams|synPermInactiveDec_0.0707294259196,  28629,  None,  59,  0.013678633666,  9,  13,  None,  2,  None,  42,  NontemporalMultiStep,  0.0707294259196,  0.156529876515,  3.7244067096, 
1005,  1327,  completed,  eof,  2014-05-04 04:59:16,  2014-05-04 05:00:40,  84,  modelParams|sensorParams|encoders|rpos:n_67.modelParams|clParams|alpha_0.0185832385601.modelParams|tpParams|minThreshold_9.modelParams|tpParams|activationThreshold_13.modelParams|tpParams|pamLength_1.modelParams|sensorParams|encoders|_classifierInput|n_68.modelParams|inferenceType_NontemporalMultiStep.modelParams|spParams|synPermInactiveDec_0.062075156771,  28629,  None,  67,  0.0185832385601,  9,  13,  None,  1,  None,  68,  NontemporalMultiStep,  0.062075156771,  0.145579223593,  3.46385143335, 
1005,  1328,  completed,  eof,  2014-05-04 05:00:10,  2014-05-04 05:01:31,  81,  modelParams|sensorParams|encoders|rpos:n_58.modelParams|clParams|alpha_0.0161013873963.modelParams|tpParams|minThreshold_9.modelParams|tpParams|activationThreshold_13.modelParams|tpParams|pamLength_2.modelParams|sensorParams|encoders|_classifierInput|n_54.modelParams|inferenceType_NontemporalMultiStep.modelParams|spParams|synPermInactiveDec_0.0675101562616,  28629,  None,  58,  0.0161013873963,  9,  13,  None,  2,  None,  54,  NontemporalMultiStep,  0.0675101562616,  0.140523356222,  3.34355423016, 
1005,  1329,  completed,  eof,  2014-05-04 05:00:12,  2014-05-04 05:01:34,  82,  modelParams|sensorParams|encoders|rpos:n_64.modelParams|clParams|alpha_0.016451984579.modelParams|tpParams|minThreshold_9.modelParams|tpParams|activationThreshold_13.modelParams|tpParams|pamLength_2.modelParams|sensorParams|encoders|_classifierInput|n_59.modelParams|inferenceType_NontemporalMultiStep.modelParams|spParams|synPermInactiveDec_0.0634343921287,  28629,  None,  64,  0.016451984579,  9,  13,  None,  2,  None,  59,  NontemporalMultiStep,  0.0634343921287,  0.138377643267,  3.2925000295, 
1005,  1330,  completed,  killed,  2014-05-04 05:00:27,  2014-05-04 05:01:34,  67,  modelParams|sensorParams|encoders|rpos:n_56.modelParams|clParams|alpha_0.0153655280326.modelParams|tpParams|minThreshold_9.modelParams|tpParams|activationThreshold_13.modelParams|tpParams|pamLength_2.modelParams|sensorParams|encoders|_classifierInput|n_55.modelParams|inferenceType_NontemporalMultiStep.modelParams|spParams|synPermInactiveDec_0.0671007529068,  23100,  None,  56,  0.0153655280326,  9,  13,  None,  2,  None,  55,  NontemporalMultiStep,  0.0671007529068,  0.360427463635,  12.2076254944, 
1005,  1331,  completed,  killed,  2014-05-04 05:00:40,  2014-05-04 05:01:34,  54,  modelParams|sensorParams|encoders|rpos:n_58.modelParams|clParams|alpha_0.0151357023575.modelParams|tpParams|minThreshold_9.modelParams|tpParams|activationThreshold_13.modelParams|tpParams|pamLength_2.modelParams|sensorParams|encoders|_classifierInput|n_53.modelParams|inferenceType_NontemporalMultiStep.modelParams|spParams|synPermInactiveDec_0.0668683929649,  19100,  None,  58,  0.0151357023575,  9,  13,  None,  2,  None,  53,  NontemporalMultiStep,  0.0668683929649,  0.487774438162,  24.5541653575, 
1005,  1332,  completed,  killed,  2014-05-04 05:01:31,  2014-05-04 05:01:34,  3,  modelParams|sensorParams|encoders|rpos:n_59.modelParams|clParams|alpha_0.0158103707964.modelParams|tpParams|minThreshold_9.modelParams|tpParams|activationThreshold_13.modelParams|tpParams|pamLength_3.modelParams|sensorParams|encoders|_classifierInput|n_53.modelParams|inferenceType_NontemporalMultiStep.modelParams|spParams|synPermInactiveDec_0.0674655818055,  950,  None,  59,  0.0158103707964,  9,  13,  None,  3,  None,  53,  NontemporalMultiStep,  0.0674655818055,  0.225868595948,  77.5093607708, 
1005,  1333,  completed,  eof,  2014-05-04 05:01:34,  2014-05-04 05:03:40,  126,  modelParams|sensorParams|encoders|rpos:n_82.modelParams|clParams|alpha_0.05005.modelParams|tpParams|minThreshold_11.modelParams|tpParams|activationThreshold_14.modelParams|tpParams|pamLength_3.modelParams|sensorParams|encoders|lpos:n_272.modelParams|sensorParams|encoders|_classifierInput|n_275.modelParams|inferenceType_NontemporalMultiStep.modelParams|spParams|synPermInactiveDec_0.05015,  28629,  None,  82,  0.05005,  11,  14,  None,  3,  272,  275,  NontemporalMultiStep,  0.05015,  0.180022049966,  4.28336970357, 
1005,  1350,  completed,  eof,  2014-05-04 05:01:34,  2014-05-04 05:03:40,  126,  modelParams|sensorParams|encoders|rwidth:n_272.modelParams|sensorParams|encoders|rpos:n_82.modelParams|clParams|alpha_0.05005.modelParams|tpParams|minThreshold_11.modelParams|tpParams|activationThreshold_14.modelParams|tpParams|pamLength_3.modelParams|sensorParams|encoders|_classifierInput|n_275.modelParams|inferenceType_NontemporalMultiStep.modelParams|spParams|synPermInactiveDec_0.05015,  28629,  272,  82,  0.05005,  11,  14,  None,  3,  None,  275,  NontemporalMultiStep,  0.05015,  0.262473763072,  6.24519143595, 
1005,  1355,  completed,  eof,  2014-05-04 05:01:34,  2014-05-04 05:03:01,  87,  modelParams|sensorParams|encoders|rpos:n_82.modelParams|clParams|alpha_0.0001.modelParams|tpParams|minThreshold_9.modelParams|tpParams|activationThreshold_12.modelParams|tpParams|pamLength_1.modelParams|sensorParams|encoders|lpos:n_22.modelParams|sensorParams|encoders|_classifierInput|n_28.modelParams|inferenceType_NontemporalMultiStep.modelParams|spParams|synPermInactiveDec_0.1,  28629,  None,  82,  0.0001,  9,  12,  None,  1,  22,  28,  NontemporalMultiStep,  0.1,  0.194176102473,  4.62014533582, 
1005,  1366,  completed,  eof,  2014-05-04 05:01:34,  2014-05-04 05:03:02,  88,  modelParams|sensorParams|encoders|rwidth:n_22.modelParams|sensorParams|encoders|rpos:n_82.modelParams|clParams|alpha_0.0001.modelParams|tpParams|minThreshold_9.modelParams|tpParams|activationThreshold_12.modelParams|tpParams|pamLength_1.modelParams|sensorParams|encoders|_classifierInput|n_28.modelParams|inferenceType_NontemporalMultiStep.modelParams|spParams|synPermInactiveDec_0.1,  28629,  22,  82,  0.0001,  9,  12,  None,  1,  None,  28,  NontemporalMultiStep,  0.1,  0.194176102473,  4.62014533582, 
1005,  1367,  completed,  eof,  2014-05-04 05:03:01,  2014-05-04 05:06:08,  187,  modelParams|sensorParams|encoders|rpos:n_57.modelParams|clParams|alpha_0.1.modelParams|tpParams|minThreshold_12.modelParams|tpParams|activationThreshold_16.modelParams|tpParams|pamLength_5.modelParams|sensorParams|encoders|lpos:n_521.modelParams|sensorParams|encoders|_classifierInput|n_521.modelParams|inferenceType_NontemporalMultiStep.modelParams|spParams|synPermInactiveDec_0.0003,  28629,  None,  57,  0.1,  12,  16,  None,  5,  521,  521,  NontemporalMultiStep,  0.0003,  0.227453420367,  5.41193198254, 
1005,  1368,  completed,  eof,  2014-05-04 05:03:03,  2014-05-04 05:06:11,  188,  modelParams|sensorParams|encoders|rwidth:n_521.modelParams|sensorParams|encoders|rpos:n_57.modelParams|clParams|alpha_0.1.modelParams|tpParams|minThreshold_12.modelParams|tpParams|activationThreshold_16.modelParams|tpParams|pamLength_5.modelParams|sensorParams|encoders|_classifierInput|n_521.modelParams|inferenceType_NontemporalMultiStep.modelParams|spParams|synPermInactiveDec_0.0003,  28629,  521,  57,  0.1,  12,  16,  None,  5,  None,  521,  NontemporalMultiStep,  0.0003,  0.281107314651,  6.68855040402, 
1005,  1369,  completed,  eof,  2014-05-04 05:03:40,  2014-05-04 05:05:32,  112,  modelParams|sensorParams|encoders|rpos:n_55.modelParams|clParams|alpha_0.025075.modelParams|tpParams|minThreshold_10.modelParams|tpParams|activationThreshold_13.modelParams|tpParams|pamLength_2.modelParams|sensorParams|encoders|lpos:n_147.modelParams|sensorParams|encoders|_classifierInput|n_151.modelParams|inferenceType_NontemporalMultiStep.modelParams|spParams|synPermInactiveDec_0.075075,  28629,  None,  55,  0.025075,  10,  13,  None,  2,  147,  151,  NontemporalMultiStep,  0.075075,  0.162038811562,  3.85548401643, 
1005,  1370,  completed,  eof,  2014-05-04 05:03:41,  2014-05-04 05:05:30,  109,  modelParams|sensorParams|encoders|rwidth:n_147.modelParams|sensorParams|encoders|rpos:n_55.modelParams|clParams|alpha_0.025075.modelParams|tpParams|minThreshold_10.modelParams|tpParams|activationThreshold_13.modelParams|tpParams|pamLength_2.modelParams|sensorParams|encoders|_classifierInput|n_151.modelParams|inferenceType_NontemporalMultiStep.modelParams|spParams|synPermInactiveDec_0.075075,  28629,  147,  55,  0.025075,  10,  13,  None,  2,  None,  151,  NontemporalMultiStep,  0.075075,  0.197663286741,  4.70311794637, 
1005,  1371,  completed,  eof,  2014-05-04 05:05:30,  2014-05-04 05:08:20,  170,  modelParams|sensorParams|encoders|rpos:n_105.modelParams|clParams|alpha_0.075025.modelParams|tpParams|minThreshold_11.modelParams|tpParams|activationThreshold_15.modelParams|tpParams|pamLength_4.modelParams|sensorParams|encoders|lpos:n_396.modelParams|sensorParams|encoders|_classifierInput|n_398.modelParams|inferenceType_NontemporalMultiStep.modelParams|spParams|synPermInactiveDec_0.025225,  28629,  None,  105,  0.075025,  11,  15,  None,  4,  396,  398,  NontemporalMultiStep,  0.025225,  0.241532157689,  5.74691559663, 
1005,  1372,  completed,  eof,  2014-05-04 05:05:33,  2014-05-04 05:08:22,  169,  modelParams|sensorParams|encoders|rwidth:n_396.modelParams|sensorParams|encoders|rpos:n_105.modelParams|clParams|alpha_0.075025.modelParams|tpParams|minThreshold_11.modelParams|tpParams|activationThreshold_15.modelParams|tpParams|pamLength_4.modelParams|sensorParams|encoders|_classifierInput|n_398.modelParams|inferenceType_NontemporalMultiStep.modelParams|spParams|synPermInactiveDec_0.025225,  28629,  396,  105,  0.075025,  11,  15,  None,  4,  None,  398,  NontemporalMultiStep,  0.025225,  0.299026456703,  7.11491100925, 
1005,  1373,  completed,  eof,  2014-05-04 05:06:08,  2014-05-04 05:21:26,  918,  modelParams|sensorParams|encoders|rpos:n_66.modelParams|clParams|alpha_0.0328351247259.modelParams|tpParams|minThreshold_10.modelParams|tpParams|activationThreshold_13.modelParams|tpParams|pamLength_2.modelParams|sensorParams|encoders|lpos:n_171.modelParams|sensorParams|encoders|_classifierInput|n_190.modelParams|inferenceType_TemporalMultiStep.modelParams|spParams|synPermInactiveDec_0.0772727930017,  28629,  None,  66,  0.0328351247259,  10,  13,  None,  2,  171,  190,  TemporalMultiStep,  0.0772727930017,  0.132796457702,  3.15970362393, 
1005,  1374,  completed,  eof,  2014-05-04 05:06:12,  2014-05-04 05:17:33,  681,  modelParams|sensorParams|encoders|rwidth:n_94.modelParams|sensorParams|encoders|rpos:n_88.modelParams|clParams|alpha_0.00156454424129.modelParams|tpParams|minThreshold_9.modelParams|tpParams|activationThreshold_13.modelParams|tpParams|pamLength_1.modelParams|sensorParams|encoders|_classifierInput|n_82.modelParams|inferenceType_TemporalMultiStep.modelParams|spParams|synPermInactiveDec_0.0994105860035,  28629,  94,  88,  0.00156454424129,  9,  13,  None,  1,  None,  82,  TemporalMultiStep,  0.0994105860035,  0.124450788088,  2.96113023591, 
1005,  1375,  completed,  eof,  2014-05-04 05:08:20,  2014-05-04 05:23:16,  896,  modelParams|sensorParams|encoders|rpos:n_66.modelParams|clParams|alpha_0.0273048752741.modelParams|tpParams|minThreshold_10.modelParams|tpParams|activationThreshold_13.modelParams|tpParams|pamLength_2.modelParams|sensorParams|encoders|lpos:n_122.modelParams|sensorParams|encoders|_classifierInput|n_161.modelParams|inferenceType_TemporalMultiStep.modelParams|spParams|synPermInactiveDec_0.0728772069983,  28629,  None,  66,  0.0273048752741,  10,  13,  None,  2,  122,  161,  TemporalMultiStep,  0.0728772069983,  0.148517794001,  3.53377055415, 
1005,  1376,  completed,  eof,  2014-05-04 05:08:22,  2014-05-04 05:20:35,  733,  modelParams|sensorParams|encoders|rwidth:n_22.modelParams|sensorParams|encoders|rpos:n_88.modelParams|clParams|alpha_0.005095.modelParams|tpParams|minThreshold_9.modelParams|tpParams|activationThreshold_12.modelParams|tpParams|pamLength_1.modelParams|sensorParams|encoders|_classifierInput|n_28.modelParams|inferenceType_TemporalMultiStep.modelParams|spParams|synPermInactiveDec_0.095015,  28629,  22,  88,  0.005095,  9,  12,  None,  1,  None,  28,  TemporalMultiStep,  0.095015,  0.201084457099,  4.78451984944, 
1005,  1377,  completed,  eof,  2014-05-04 05:17:33,  2014-05-04 05:33:49,  976,  modelParams|sensorParams|encoders|rpos:n_55.modelParams|clParams|alpha_0.0383653741777.modelParams|tpParams|minThreshold_10.modelParams|tpParams|activationThreshold_13.modelParams|tpParams|pamLength_2.modelParams|sensorParams|encoders|lpos:n_171.modelParams|sensorParams|encoders|_classifierInput|n_220.modelParams|inferenceType_TemporalMultiStep.modelParams|spParams|synPermInactiveDec_0.0617283790052,  28629,  None,  55,  0.0383653741777,  10,  13,  None,  2,  171,  220,  TemporalMultiStep,  0.0617283790052,  0.163761657938,  3.8964767058, 
1005,  1378,  completed,  eof,  2014-05-04 05:20:35,  2014-05-04 05:31:54,  679,  modelParams|sensorParams|encoders|rwidth:n_150.modelParams|sensorParams|encoders|rpos:n_84.modelParams|clParams|alpha_0.0001.modelParams|tpParams|minThreshold_10.modelParams|tpParams|activationThreshold_13.modelParams|tpParams|pamLength_1.modelParams|sensorParams|encoders|_classifierInput|n_160.modelParams|inferenceType_TemporalMultiStep.modelParams|spParams|synPermInactiveDec_0.0833426684946,  28629,  150,  84,  0.0001,  10,  13,  None,  1,  None,  160,  TemporalMultiStep,  0.0833426684946,  0.12674038065,  3.01560784804, 
1005,  1379,  completed,  eof,  2014-05-04 05:21:26,  2014-05-04 05:37:31,  965,  modelParams|sensorParams|encoders|rpos:n_63.modelParams|clParams|alpha_0.036970957048.modelParams|tpParams|minThreshold_10.modelParams|tpParams|activationThreshold_13.modelParams|tpParams|pamLength_2.modelParams|sensorParams|encoders|lpos:n_146.modelParams|sensorParams|encoders|_classifierInput|n_161.modelParams|inferenceType_TemporalMultiStep.modelParams|spParams|synPermInactiveDec_0.082012027544,  28629,  None,  63,  0.036970957048,  10,  13,  None,  2,  146,  161,  TemporalMultiStep,  0.082012027544,  0.162986655855,  3.87803662889, 
1005,  1380,  completed,  eof,  2014-05-04 05:23:16,  2014-05-04 05:35:38,  742,  modelParams|sensorParams|encoders|rwidth:n_79.modelParams|sensorParams|encoders|rpos:n_84.modelParams|clParams|alpha_0.00489783004863.modelParams|tpParams|minThreshold_9.modelParams|tpParams|activationThreshold_13.modelParams|tpParams|pamLength_1.modelParams|sensorParams|encoders|_classifierInput|n_66.modelParams|inferenceType_TemporalMultiStep.modelParams|spParams|synPermInactiveDec_0.1,  28629,  79,  84,  0.00489783004863,  9,  13,  None,  1,  None,  66,  TemporalMultiStep,  0.1,  0.120836524226,  2.87513394638, 
1005,  1381,  completed,  eof,  2014-05-04 05:31:54,  2014-05-04 05:44:48,  774,  modelParams|sensorParams|encoders|rpos:n_85.modelParams|clParams|alpha_0.0325112064998.modelParams|tpParams|minThreshold_9.modelParams|tpParams|activationThreshold_13.modelParams|tpParams|pamLength_2.modelParams|sensorParams|encoders|lpos:n_196.modelParams|sensorParams|encoders|_classifierInput|n_239.modelParams|inferenceType_TemporalMultiStep.modelParams|spParams|synPermInactiveDec_0.0664676135475,  28629,  None,  85,  0.0325112064998,  9,  13,  None,  2,  196,  239,  TemporalMultiStep,  0.0664676135475,  0.141590457099,  3.36894438413, 
1005,  1382,  completed,  eof,  2014-05-04 05:33:49,  2014-05-04 05:44:39,  650,  modelParams|sensorParams|encoders|rwidth:n_127.modelParams|sensorParams|encoders|rpos:n_102.modelParams|clParams|alpha_0.0001.modelParams|tpParams|minThreshold_9.modelParams|tpParams|activationThreshold_13.modelParams|tpParams|pamLength_1.modelParams|sensorParams|encoders|_classifierInput|n_144.modelParams|inferenceType_TemporalMultiStep.modelParams|spParams|synPermInactiveDec_0.0861298754928,  28629,  127,  102,  0.0001,  9,  13,  None,  1,  None,  144,  TemporalMultiStep,  0.0861298754928,  0.128850936354,  3.06582553171, 
1005,  1383,  completed,  eof,  2014-05-04 05:35:38,  2014-05-04 05:48:29,  771,  modelParams|sensorParams|encoders|rpos:n_62.modelParams|clParams|alpha_0.0285314059074.modelParams|tpParams|minThreshold_9.modelParams|tpParams|activationThreshold_13.modelParams|tpParams|pamLength_2.modelParams|sensorParams|encoders|lpos:n_146.modelParams|sensorParams|encoders|_classifierInput|n_169.modelParams|inferenceType_TemporalMultiStep.modelParams|spParams|synPermInactiveDec_0.0840534912522,  28629,  None,  62,  0.0285314059074,  9,  13,  None,  2,  146,  169,  TemporalMultiStep,  0.0840534912522,  0.155471722151,  3.69922942524, 
1005,  1384,  completed,  eof,  2014-05-04 05:37:31,  2014-05-04 05:51:24,  833,  modelParams|sensorParams|encoders|rwidth:n_37.modelParams|sensorParams|encoders|rpos:n_86.modelParams|clParams|alpha_0.0001.modelParams|tpParams|minThreshold_9.modelParams|tpParams|activationThreshold_12.modelParams|tpParams|pamLength_1.modelParams|sensorParams|encoders|_classifierInput|n_28.modelParams|inferenceType_TemporalMultiStep.modelParams|spParams|synPermInactiveDec_0.1,  28629,  37,  86,  0.0001,  9,  12,  None,  1,  None,  28,  TemporalMultiStep,  0.1,  0.194176102473,  4.62014533582, 
1005,  1385,  completed,  eof,  2014-05-04 05:44:39,  2014-05-04 06:00:20,  941,  modelParams|sensorParams|encoders|rpos:n_62.modelParams|clParams|alpha_0.039024058079.modelParams|tpParams|minThreshold_11.modelParams|tpParams|activationThreshold_13.modelParams|tpParams|pamLength_2.modelParams|sensorParams|encoders|lpos:n_197.modelParams|sensorParams|encoders|_classifierInput|n_220.modelParams|inferenceType_TemporalMultiStep.modelParams|spParams|synPermInactiveDec_0.0700005638357,  28629,  None,  62,  0.039024058079,  11,  13,  None,  2,  197,  220,  TemporalMultiStep,  0.0700005638357,  0.151935992628,  3.61510174908, 
1005,  1386,  completed,  eof,  2014-05-04 05:44:49,  2014-05-04 05:56:16,  687,  modelParams|sensorParams|encoders|rwidth:n_62.modelParams|sensorParams|encoders|rpos:n_85.modelParams|clParams|alpha_0.00476577674542.modelParams|tpParams|minThreshold_9.modelParams|tpParams|activationThreshold_13.modelParams|tpParams|pamLength_1.modelParams|sensorParams|encoders|_classifierInput|n_55.modelParams|inferenceType_TemporalMultiStep.modelParams|spParams|synPermInactiveDec_0.0994649619284,  28629,  62,  85,  0.00476577674542,  9,  13,  None,  1,  None,  55,  TemporalMultiStep,  0.0994649619284,  0.150085108666,  3.57106258673, 
1005,  1387,  completed,  eof,  2014-05-04 05:48:29,  2014-05-04 06:01:21,  772,  modelParams|sensorParams|encoders|rpos:n_64.modelParams|clParams|alpha_0.0180387537358.modelParams|tpParams|minThreshold_10.modelParams|tpParams|activationThreshold_13.modelParams|tpParams|pamLength_2.modelParams|sensorParams|encoders|lpos:n_84.modelParams|sensorParams|encoders|_classifierInput|n_119.modelParams|inferenceType_TemporalMultiStep.modelParams|spParams|synPermInactiveDec_0.09089165307,  28629,  None,  64,  0.0180387537358,  10,  13,  None,  2,  84,  119,  TemporalMultiStep,  0.09089165307,  0.154668785129,  3.68012467604, 
1005,  1388,  completed,  eof,  2014-05-04 05:51:24,  2014-05-04 06:01:08,  584,  modelParams|sensorParams|encoders|rwidth:n_22.modelParams|sensorParams|encoders|rpos:n_91.modelParams|clParams|alpha_0.0001.modelParams|tpParams|minThreshold_9.modelParams|tpParams|activationThreshold_13.modelParams|tpParams|pamLength_1.modelParams|sensorParams|encoders|_classifierInput|n_28.modelParams|inferenceType_TemporalMultiStep.modelParams|spParams|synPermInactiveDec_0.1,  28629,  22,  91,  0.0001,  9,  13,  None,  1,  None,  28,  TemporalMultiStep,  0.1,  0.194176102473,  4.62014533582, 
1005,  1389,  completed,  eof,  2014-05-04 05:56:16,  2014-05-04 06:19:36,  1400,  modelParams|sensorParams|encoders|rpos:n_66.modelParams|clParams|alpha_0.0335606504727.modelParams|tpParams|minThreshold_10.modelParams|tpParams|activationThreshold_13.modelParams|tpParams|pamLength_2.modelParams|sensorParams|encoders|lpos:n_171.modelParams|sensorParams|encoders|_classifierInput|n_187.modelParams|inferenceType_TemporalMultiStep.modelParams|spParams|synPermInactiveDec_0.0777715759571,  28629,  None,  66,  0.0335606504727,  10,  13,  None,  2,  171,  187,  TemporalMultiStep,  0.0777715759571,  0.147201641224,  3.50245456296, 
1005,  1390,  completed,  eof,  2014-05-04 06:00:20,  2014-05-04 06:21:46,  1286,  modelParams|sensorParams|encoders|rwidth:n_62.modelParams|sensorParams|encoders|rpos:n_91.modelParams|clParams|alpha_0.0001.modelParams|tpParams|minThreshold_9.modelParams|tpParams|activationThreshold_13.modelParams|tpParams|pamLength_1.modelParams|sensorParams|encoders|_classifierInput|n_45.modelParams|inferenceType_TemporalMultiStep.modelParams|spParams|synPermInactiveDec_0.1,  28629,  62,  91,  0.0001,  9,  13,  None,  1,  None,  45,  TemporalMultiStep,  0.1,  0.141298071069,  3.36198747269, 
1005,  1391,  completed,  eof,  2014-05-04 06:01:08,  2014-05-04 06:24:19,  1391,  modelParams|sensorParams|encoders|rpos:n_65.modelParams|clParams|alpha_0.0221708135162.modelParams|tpParams|minThreshold_10.modelParams|tpParams|activationThreshold_13.modelParams|tpParams|pamLength_2.modelParams|sensorParams|encoders|lpos:n_121.modelParams|sensorParams|encoders|_classifierInput|n_157.modelParams|inferenceType_TemporalMultiStep.modelParams|spParams|synPermInactiveDec_0.0863751706898,  28629,  None,  65,  0.0221708135162,  10,  13,  None,  2,  121,  157,  TemporalMultiStep,  0.0863751706898,  0.160729070054,  3.82432057231, 
1005,  1392,  completed,  eof,  2014-05-04 06:01:21,  2014-05-04 06:20:31,  1150,  modelParams|sensorParams|encoders|rwidth:n_22.modelParams|sensorParams|encoders|rpos:n_85.modelParams|clParams|alpha_0.0001.modelParams|tpParams|minThreshold_9.modelParams|tpParams|activationThreshold_13.modelParams|tpParams|pamLength_1.modelParams|sensorParams|encoders|_classifierInput|n_28.modelParams|inferenceType_TemporalMultiStep.modelParams|spParams|synPermInactiveDec_0.1,  28629,  22,  85,  0.0001,  9,  13,  None,  1,  None,  28,  TemporalMultiStep,  0.1,  0.194176102473,  4.62014533582, 
1005,  1393,  completed,  killed,  2014-05-04 06:19:36,  2014-05-04 06:24:20,  284,  modelParams|sensorParams|encoders|rpos:n_66.modelParams|clParams|alpha_0.0322618144083.modelParams|tpParams|minThreshold_11.modelParams|tpParams|activationThreshold_13.modelParams|tpParams|pamLength_2.modelParams|sensorParams|encoders|lpos:n_170.modelParams|sensorParams|encoders|_classifierInput|n_186.modelParams|inferenceType_TemporalMultiStep.modelParams|spParams|synPermInactiveDec_0.0780005626539,  12650,  None,  66,  0.0322618144083,  11,  13,  None,  2,  170,  186,  TemporalMultiStep,  0.0780005626539,  0.163861158857,  12.0181369711, 
1005,  1394,  completed,  killed,  2014-05-04 06:20:31,  2014-05-04 06:21:46,  75,  modelParams|sensorParams|encoders|rwidth:n_72.modelParams|sensorParams|encoders|rpos:n_84.modelParams|clParams|alpha_0.00349958746486.modelParams|tpParams|minThreshold_9.modelParams|tpParams|activationThreshold_13.modelParams|tpParams|pamLength_1.modelParams|sensorParams|encoders|_classifierInput|n_57.modelParams|inferenceType_TemporalMultiStep.modelParams|spParams|synPermInactiveDec_0.1,  5350,  72,  84,  0.00349958746486,  9,  13,  None,  1,  None,  57,  TemporalMultiStep,  0.1,  0.209446435506,  46.88186467, 
1005,  1395,  completed,  killed,  2014-05-04 06:21:46,  2014-05-04 06:24:20,  154,  modelParams|sensorParams|encoders|rpos:n_66.modelParams|clParams|alpha_0.033783984098.modelParams|tpParams|minThreshold_9.modelParams|tpParams|activationThreshold_13.modelParams|tpParams|pamLength_2.modelParams|sensorParams|encoders|lpos:n_172.modelParams|sensorParams|encoders|_classifierInput|n_196.modelParams|inferenceType_TemporalMultiStep.modelParams|spParams|synPermInactiveDec_0.0764725131172,  8600,  None,  66,  0.033783984098,  9,  13,  None,  2,  172,  196,  TemporalMultiStep,  0.0764725131172,  0.323406353528,  36.5471401346, 
1005,  1396,  completed,  killed,  2014-05-04 06:21:46,  2014-05-04 06:24:20,  154,  modelParams|sensorParams|encoders|rpos:n_67.modelParams|clParams|alpha_0.0261152789736.modelParams|tpParams|minThreshold_9.modelParams|tpParams|activationThreshold_12.modelParams|tpParams|pamLength_2.modelParams|sensorParams|encoders|lpos:n_149.modelParams|sensorParams|encoders|_classifierInput|n_156.modelParams|inferenceType_TemporalMultiStep.modelParams|spParams|synPermInactiveDec_0.0860865235376,  9050,  None,  67,  0.0261152789736,  9,  12,  None,  2,  149,  156,  TemporalMultiStep,  0.0860865235376,  0.264838090744,  33.8436419962, 
1005,  1397,  completed,  eof,  2014-05-04 06:24:19,  2014-05-04 06:26:25,  126,  modelParams|sensorParams|encoders|rwidth:n_272.modelParams|sensorParams|encoders|rpos:n_82.modelParams|clParams|alpha_0.05005.modelParams|tpParams|minThreshold_11.modelParams|tpParams|activationThreshold_14.modelParams|tpParams|pamLength_3.modelParams|sensorParams|encoders|lpos:n_272.modelParams|sensorParams|encoders|_classifierInput|n_275.modelParams|inferenceType_NontemporalMultiStep.modelParams|spParams|synPermInactiveDec_0.05015,  28629,  272,  82,  0.05005,  11,  14,  None,  3,  272,  275,  NontemporalMultiStep,  0.05015,  0.242163678935,  5.76194175021, 
1005,  1398,  completed,  eof,  2014-05-04 06:24:20,  2014-05-04 06:25:48,  88,  modelParams|sensorParams|encoders|rwidth:n_22.modelParams|sensorParams|encoders|rpos:n_82.modelParams|clParams|alpha_0.0001.modelParams|tpParams|minThreshold_9.modelParams|tpParams|activationThreshold_12.modelParams|tpParams|pamLength_1.modelParams|sensorParams|encoders|lpos:n_22.modelParams|sensorParams|encoders|_classifierInput|n_28.modelParams|inferenceType_NontemporalMultiStep.modelParams|spParams|synPermInactiveDec_0.1,  28629,  22,  82,  0.0001,  9,  12,  None,  1,  22,  28,  NontemporalMultiStep,  0.1,  0.194176102473,  4.62014533582, 
1005,  1399,  completed,  eof,  2014-05-04 06:24:20,  2014-05-04 06:27:29,  189,  modelParams|sensorParams|encoders|rwidth:n_521.modelParams|sensorParams|encoders|rpos:n_82.modelParams|clParams|alpha_0.1.modelParams|tpParams|minThreshold_12.modelParams|tpParams|activationThreshold_16.modelParams|tpParams|pamLength_5.modelParams|sensorParams|encoders|lpos:n_521.modelParams|sensorParams|encoders|_classifierInput|n_521.modelParams|inferenceType_NontemporalMultiStep.modelParams|spParams|synPermInactiveDec_0.0003,  28629,  521,  82,  0.1,  12,  16,  None,  5,  521,  521,  NontemporalMultiStep,  0.0003,  0.205917927523,  4.89952543227, 
1005,  1400,  completed,  eof,  2014-05-04 06:24:20,  2014-05-04 06:26:10,  110,  modelParams|sensorParams|encoders|rwidth:n_147.modelParams|sensorParams|encoders|rpos:n_32.modelParams|clParams|alpha_0.025075.modelParams|tpParams|minThreshold_10.modelParams|tpParams|activationThreshold_13.modelParams|tpParams|pamLength_2.modelParams|sensorParams|encoders|lpos:n_147.modelParams|sensorParams|encoders|_classifierInput|n_151.modelParams|inferenceType_NontemporalMultiStep.modelParams|spParams|synPermInactiveDec_0.075075,  28629,  147,  32,  0.025075,  10,  13,  None,  2,  147,  151,  NontemporalMultiStep,  0.075075,  0.199199020536,  4.73965855686, 
1005,  1401,  completed,  eof,  2014-05-04 06:25:48,  2014-05-04 06:28:17,  149,  modelParams|sensorParams|encoders|rwidth:n_396.modelParams|sensorParams|encoders|rpos:n_53.modelParams|clParams|alpha_0.075025.modelParams|tpParams|minThreshold_11.modelParams|tpParams|activationThreshold_15.modelParams|tpParams|pamLength_4.modelParams|sensorParams|encoders|lpos:n_396.modelParams|sensorParams|encoders|_classifierInput|n_398.modelParams|inferenceType_NontemporalMultiStep.modelParams|spParams|synPermInactiveDec_0.025225,  28629,  396,  53,  0.075025,  11,  15,  None,  4,  396,  398,  NontemporalMultiStep,  0.025225,  0.252426664494,  6.00613495555, 
1005,  1402,  completed,  eof,  2014-05-04 06:26:10,  2014-05-04 06:27:45,  95,  modelParams|sensorParams|encoders|rwidth:n_22.modelParams|sensorParams|encoders|rpos:n_88.modelParams|clParams|alpha_0.005095.modelParams|tpParams|minThreshold_9.modelParams|tpParams|activationThreshold_12.modelParams|tpParams|pamLength_1.modelParams|sensorParams|encoders|lpos:n_22.modelParams|sensorParams|encoders|_classifierInput|n_53.modelParams|inferenceType_NontemporalMultiStep.modelParams|spParams|synPermInactiveDec_0.095015,  28629,  22,  88,  0.005095,  9,  12,  None,  1,  22,  53,  NontemporalMultiStep,  0.095015,  0.14459604998,  3.44045820975, 
1005,  1403,  completed,  eof,  2014-05-04 06:26:25,  2014-05-04 06:27:59,  94,  modelParams|sensorParams|encoders|rwidth:n_94.modelParams|sensorParams|encoders|rpos:n_88.modelParams|clParams|alpha_0.00156454424129.modelParams|tpParams|minThreshold_9.modelParams|tpParams|activationThreshold_13.modelParams|tpParams|pamLength_1.modelParams|sensorParams|encoders|lpos:n_77.modelParams|sensorParams|encoders|_classifierInput|n_48.modelParams|inferenceType_NontemporalMultiStep.modelParams|spParams|synPermInactiveDec_0.1,  28629,  94,  88,  0.00156454424129,  9,  13,  None,  1,  77,  48,  NontemporalMultiStep,  0.1,  0.143642512235,  3.41777012965, 
1005,  1404,  completed,  eof,  2014-05-04 06:27:29,  2014-05-04 06:29:02,  93,  modelParams|sensorParams|encoders|rwidth:n_92.modelParams|sensorParams|encoders|rpos:n_88.modelParams|clParams|alpha_0.0001.modelParams|tpParams|minThreshold_10.modelParams|tpParams|activationThreshold_13.modelParams|tpParams|pamLength_1.modelParams|sensorParams|encoders|lpos:n_107.modelParams|sensorParams|encoders|_classifierInput|n_44.modelParams|inferenceType_NontemporalMultiStep.modelParams|spParams|synPermInactiveDec_0.1,  28629,  92,  88,  0.0001,  10,  13,  None,  1,  107,  44,  NontemporalMultiStep,  0.1,  0.139602372893,  3.3216407363, 
1005,  1405,  completed,  eof,  2014-05-04 06:27:45,  2014-05-04 06:29:14,  89,  modelParams|sensorParams|encoders|rwidth:n_22.modelParams|sensorParams|encoders|rpos:n_76.modelParams|clParams|alpha_0.0001.modelParams|tpParams|minThreshold_9.modelParams|tpParams|activationThreshold_12.modelParams|tpParams|pamLength_1.modelParams|sensorParams|encoders|lpos:n_22.modelParams|sensorParams|encoders|_classifierInput|n_28.modelParams|inferenceType_NontemporalMultiStep.modelParams|spParams|synPermInactiveDec_0.1,  28629,  22,  76,  0.0001,  9,  12,  None,  1,  22,  28,  NontemporalMultiStep,  0.1,  0.194176102473,  4.62014533582, 
1005,  1406,  completed,  eof,  2014-05-04 06:27:59,  2014-05-04 06:29:32,  93,  modelParams|sensorParams|encoders|rwidth:n_74.modelParams|sensorParams|encoders|rpos:n_90.modelParams|clParams|alpha_0.00256376235212.modelParams|tpParams|minThreshold_9.modelParams|tpParams|activationThreshold_13.modelParams|tpParams|pamLength_1.modelParams|sensorParams|encoders|lpos:n_64.modelParams|sensorParams|encoders|_classifierInput|n_54.modelParams|inferenceType_NontemporalMultiStep.modelParams|spParams|synPermInactiveDec_0.0993707543306,  28629,  74,  90,  0.00256376235212,  9,  13,  None,  1,  64,  54,  NontemporalMultiStep,  0.0993707543306,  0.142244052069,  3.38449575073, 
1005,  1407,  completed,  eof,  2014-05-04 06:28:17,  2014-05-04 06:30:00,  103,  modelParams|sensorParams|encoders|rwidth:n_144.modelParams|sensorParams|encoders|rpos:n_96.modelParams|clParams|alpha_0.0414929053575.modelParams|tpParams|minThreshold_9.modelParams|tpParams|activationThreshold_13.modelParams|tpParams|pamLength_2.modelParams|sensorParams|encoders|lpos:n_102.modelParams|sensorParams|encoders|_classifierInput|n_113.modelParams|inferenceType_NontemporalMultiStep.modelParams|spParams|synPermInactiveDec_0.0617225211318,  28629,  144,  96,  0.0414929053575,  9,  13,  None,  2,  102,  113,  NontemporalMultiStep,  0.0617225211318,  0.225945710031,  5.37605815056, 
1005,  1408,  completed,  eof,  2014-05-04 06:29:02,  2014-05-04 06:30:38,  96,  modelParams|sensorParams|encoders|rwidth:n_125.modelParams|sensorParams|encoders|rpos:n_83.modelParams|clParams|alpha_0.0001.modelParams|tpParams|minThreshold_10.modelParams|tpParams|activationThreshold_13.modelParams|tpParams|pamLength_1.modelParams|sensorParams|encoders|lpos:n_167.modelParams|sensorParams|encoders|_classifierInput|n_62.modelParams|inferenceType_NontemporalMultiStep.modelParams|spParams|synPermInactiveDec_0.1,  28629,  125,  83,  0.0001,  10,  13,  None,  1,  167,  62,  NontemporalMultiStep,  0.1,  0.134362155453,  3.19695718432, 
1005,  1409,  completed,  eof,  2014-05-04 06:29:14,  2014-05-04 06:30:42,  88,  modelParams|sensorParams|encoders|rwidth:n_48.modelParams|sensorParams|encoders|rpos:n_90.modelParams|clParams|alpha_0.0001.modelParams|tpParams|minThreshold_9.modelParams|tpParams|activationThreshold_12.modelParams|tpParams|pamLength_1.modelParams|sensorParams|encoders|lpos:n_54.modelParams|sensorParams|encoders|_classifierInput|n_28.modelParams|inferenceType_NontemporalMultiStep.modelParams|spParams|synPermInactiveDec_0.1,  28629,  48,  90,  0.0001,  9,  12,  None,  1,  54,  28,  NontemporalMultiStep,  0.1,  0.195509101907,  4.65186216935, 
1005,  1410,  completed,  eof,  2014-05-04 06:29:32,  2014-05-04 06:31:02,  90,  modelParams|sensorParams|encoders|rwidth:n_22.modelParams|sensorParams|encoders|rpos:n_90.modelParams|clParams|alpha_0.0001.modelParams|tpParams|minThreshold_9.modelParams|tpParams|activationThreshold_12.modelParams|tpParams|pamLength_1.modelParams|sensorParams|encoders|lpos:n_22.modelParams|sensorParams|encoders|_classifierInput|n_28.modelParams|inferenceType_NontemporalMultiStep.modelParams|spParams|synPermInactiveDec_0.1,  28629,  22,  90,  0.0001,  9,  12,  None,  1,  22,  28,  NontemporalMultiStep,  0.1,  0.194176102473,  4.62014533582, 
1005,  1411,  completed,  eof,  2014-05-04 06:30:00,  2014-05-04 06:31:31,  91,  modelParams|sensorParams|encoders|rwidth:n_47.modelParams|sensorParams|encoders|rpos:n_97.modelParams|clParams|alpha_0.0001.modelParams|tpParams|minThreshold_10.modelParams|tpParams|activationThreshold_13.modelParams|tpParams|pamLength_1.modelParams|sensorParams|encoders|lpos:n_63.modelParams|sensorParams|encoders|_classifierInput|n_28.modelParams|inferenceType_NontemporalMultiStep.modelParams|spParams|synPermInactiveDec_0.1,  28629,  47,  97,  0.0001,  10,  13,  None,  1,  63,  28,  NontemporalMultiStep,  0.1,  0.195509101907,  4.65186216935, 
1005,  1412,  completed,  eof,  2014-05-04 06:30:38,  2014-05-04 06:32:16,  98,  modelParams|sensorParams|encoders|rwidth:n_142.modelParams|sensorParams|encoders|rpos:n_87.modelParams|clParams|alpha_0.00752258427553.modelParams|tpParams|minThreshold_10.modelParams|tpParams|activationThreshold_13.modelParams|tpParams|pamLength_2.modelParams|sensorParams|encoders|lpos:n_158.modelParams|sensorParams|encoders|_classifierInput|n_78.modelParams|inferenceType_NontemporalMultiStep.modelParams|spParams|synPermInactiveDec_0.0951683173896,  28629,  142,  87,  0.00752258427553,  10,  13,  None,  2,  158,  78,  NontemporalMultiStep,  0.0951683173896,  0.139203202834,  3.3121430501, 
1005,  1413,  completed,  eof,  2014-05-04 06:30:42,  2014-05-04 06:32:14,  92,  modelParams|sensorParams|encoders|rwidth:n_57.modelParams|sensorParams|encoders|rpos:n_91.modelParams|clParams|alpha_0.0001.modelParams|tpParams|minThreshold_9.modelParams|tpParams|activationThreshold_13.modelParams|tpParams|pamLength_1.modelParams|sensorParams|encoders|lpos:n_110.modelParams|sensorParams|encoders|_classifierInput|n_28.modelParams|inferenceType_NontemporalMultiStep.modelParams|spParams|synPermInactiveDec_0.1,  28629,  57,  91,  0.0001,  9,  13,  None,  1,  110,  28,  NontemporalMultiStep,  0.1,  0.196842101341,  4.68357900288, 
1005,  1414,  completed,  killed,  2014-05-04 06:31:02,  2014-05-04 06:32:16,  74,  modelParams|sensorParams|encoders|rwidth:n_128.modelParams|sensorParams|encoders|rpos:n_84.modelParams|clParams|alpha_0.0001.modelParams|tpParams|minThreshold_10.modelParams|tpParams|activationThreshold_13.modelParams|tpParams|pamLength_1.modelParams|sensorParams|encoders|lpos:n_165.modelParams|sensorParams|encoders|_classifierInput|n_62.modelParams|inferenceType_NontemporalMultiStep.modelParams|spParams|synPermInactiveDec_0.1,  22350,  128,  84,  0.0001,  10,  13,  None,  1,  165,  62,  NontemporalMultiStep,  0.1,  0.395018161824,  13.7483022227, 
1005,  1415,  completed,  killed,  2014-05-04 06:31:31,  2014-05-04 06:32:16,  45,  modelParams|sensorParams|encoders|rwidth:n_111.modelParams|sensorParams|encoders|rpos:n_83.modelParams|clParams|alpha_0.0001.modelParams|tpParams|minThreshold_10.modelParams|tpParams|activationThreshold_13.modelParams|tpParams|pamLength_1.modelParams|sensorParams|encoders|lpos:n_153.modelParams|sensorParams|encoders|_classifierInput|n_53.modelParams|inferenceType_NontemporalMultiStep.modelParams|spParams|synPermInactiveDec_0.1,  13700,  111,  83,  0.0001,  10,  13,  None,  1,  153,  53,  NontemporalMultiStep,  0.1,  0.141582652249,  10.426466377, 
1005,  1416,  completed,  killed,  2014-05-04 06:32:14,  2014-05-04 06:32:17,  3,  modelParams|sensorParams|encoders|rwidth:n_97.modelParams|sensorParams|encoders|rpos:n_83.modelParams|clParams|alpha_0.0001.modelParams|tpParams|minThreshold_10.modelParams|tpParams|activationThreshold_13.modelParams|tpParams|pamLength_1.modelParams|sensorParams|encoders|lpos:n_141.modelParams|sensorParams|encoders|_classifierInput|n_37.modelParams|inferenceType_NontemporalMultiStep.modelParams|spParams|synPermInactiveDec_0.1,  750,  97,  83,  0.0001,  10,  13,  None,  1,  141,  37,  NontemporalMultiStep,  0.1,  0.289859052753,  90.9884469748, 
